sample_id,hsi_file,height,width,n_bands,dtype,n_pixels,has_xrf,xrf_row
sample_0,hsi_cubes/sample_0.npy,19,55,273,float32,1045,yes,sample_0
sample_1,hsi_cubes/sample_1.npy,14,43,273,float32,602,yes,sample_1
sample_2,hsi_cubes/sample_2.npy,12,47,273,float32,564,yes,sample_2
sample_3,hsi_cubes/sample_3.npy,11,32,273,float32,352,yes,sample_3
sample_4,hsi_cubes/sample_4.npy,13,29,273,float32,377,yes,sample_4
sample_5,hsi_cubes/sample_5.npy,10,22,273,float32,220,yes,sample_5
sample_6,hsi_cubes/sample_6.npy,12,34,273,float32,408,yes,sample_6
sample_7,hsi_cubes/sample_7.npy,11,33,273,float32,363,yes,sample_7
sample_8,hsi_cubes/sample_8.npy,28,86,273,float32,2408,yes,sample_8
sample_9,hsi_cubes/sample_9.npy,13,39,273,float32,507,yes,sample_9
sample_10,hsi_cubes/sample_10.npy,11,35,273,float32,385,yes,sample_10
sample_11,hsi_cubes/sample_11.npy,26,66,273,float32,1716,yes,sample_11
sample_12,hsi_cubes/sample_12.npy,23,64,273,float32,1472,yes,sample_12
sample_13,hsi_cubes/sample_13.npy,16,46,273,float32,736,yes,sample_13
sample_14,hsi_cubes/sample_14.npy,16,52,273,float32,832,yes,sample_14
sample_15,hsi_cubes/sample_15.npy,43,70,273,float32,3010,yes,sample_15
sample_16,hsi_cubes/sample_16.npy,27,77,273,float32,2079,yes,sample_16
sample_17,hsi_cubes/sample_17.npy,27,68,273,float32,1836,yes,sample_17
sample_18,hsi_cubes/sample_18.npy,15,33,273,float32,495,yes,sample_18
sample_19,hsi_cubes/sample_19.npy,25,67,273,float32,1675,yes,sample_19
sample_20,hsi_cubes/sample_20.npy,27,74,273,float32,1998,yes,sample_20
sample_21,hsi_cubes/sample_21.npy,22,64,273,float32,1408,yes,sample_21
sample_22,hsi_cubes/sample_22.npy,25,58,273,float32,1450,yes,sample_22
sample_23,hsi_cubes/sample_23.npy,33,75,273,float32,2475,yes,sample_23
sample_24,hsi_cubes/sample_24.npy,25,69,273,float32,1725,yes,sample_24
sample_25,hsi_cubes/sample_25.npy,34,86,273,float32,2924,yes,sample_25
sample_26,hsi_cubes/sample_26.npy,21,60,273,float32,1260,yes,sample_26
sample_27,hsi_cubes/sample_27.npy,20,63,273,float32,1260,yes,sample_27
sample_28,hsi_cubes/sample_28.npy,19,59,273,float32,1121,yes,sample_28
sample_29,hsi_cubes/sample_29.npy,16,45,273,float32,720,yes,sample_29
sample_30,hsi_cubes/sample_30.npy,16,41,273,float32,656,yes,sample_30
sample_31,hsi_cubes/sample_31.npy,11,40,273,float32,440,yes,sample_31
sample_32,hsi_cubes/sample_32.npy,15,50,273,float32,750,yes,sample_32
sample_33,hsi_cubes/sample_33.npy,9,44,273,float32,396,yes,sample_33
sample_34,hsi_cubes/sample_34.npy,9,40,273,float32,360,yes,sample_34
sample_35,hsi_cubes/sample_35.npy,52,125,273,float32,6500,yes,sample_35
sample_36,hsi_cubes/sample_36.npy,24,75,273,float32,1800,yes,sample_36
sample_37,hsi_cubes/sample_37.npy,25,70,273,float32,1750,yes,sample_37
sample_38,hsi_cubes/sample_38.npy,25,70,273,float32,1750,yes,sample_38
sample_39,hsi_cubes/sample_39.npy,24,66,273,float32,1584,yes,sample_39
sample_40,hsi_cubes/sample_40.npy,18,55,273,float32,990,yes,sample_40
sample_41,hsi_cubes/sample_41.npy,27,80,273,float32,2160,yes,sample_41
sample_42,hsi_cubes/sample_42.npy,28,61,273,float32,1708,yes,sample_42
sample_43,hsi_cubes/sample_43.npy,23,86,273,float32,1978,yes,sample_43
sample_44,hsi_cubes/sample_44.npy,30,76,273,float32,2280,yes,sample_44
sample_45,hsi_cubes/sample_45.npy,34,72,273,float32,2448,yes,sample_45
sample_46,hsi_cubes/sample_46.npy,29,79,273,float32,2291,yes,sample_46
sample_47,hsi_cubes/sample_47.npy,27,55,273,float32,1485,yes,sample_47
sample_48,hsi_cubes/sample_48.npy,18,61,273,float32,1098,yes,sample_48
sample_49,hsi_cubes/sample_49.npy,21,58,273,float32,1218,yes,sample_49
sample_50,hsi_cubes/sample_50.npy,20,48,273,float32,960,yes,sample_50
sample_51,hsi_cubes/sample_51.npy,16,41,273,float32,656,yes,sample_51
sample_52,hsi_cubes/sample_52.npy,15,45,273,float32,675,yes,sample_52
sample_53,hsi_cubes/sample_53.npy,13,42,273,float32,546,yes,sample_53
sample_54,hsi_cubes/sample_54.npy,10,29,273,float32,290,yes,sample_54
sample_55,hsi_cubes/sample_55.npy,20,41,273,float32,820,yes,sample_55
sample_56,hsi_cubes/sample_56.npy,20,66,273,float32,1320,yes,sample_56
sample_57,hsi_cubes/sample_57.npy,24,57,273,float32,1368,yes,sample_57
sample_58,hsi_cubes/sample_58.npy,13,38,273,float32,494,yes,sample_58
sample_59,hsi_cubes/sample_59.npy,34,81,273,float32,2754,yes,sample_59
sample_60,hsi_cubes/sample_60.npy,29,89,273,float32,2581,yes,sample_60
sample_61,hsi_cubes/sample_61.npy,26,72,273,float32,1872,yes,sample_61
sample_62,hsi_cubes/sample_62.npy,24,64,273,float32,1536,yes,sample_62
sample_63,hsi_cubes/sample_63.npy,25,85,273,float32,2125,yes,sample_63
sample_64,hsi_cubes/sample_64.npy,19,49,273,float32,931,yes,sample_64
sample_65,hsi_cubes/sample_65.npy,18,63,273,float32,1134,yes,sample_65
sample_66,hsi_cubes/sample_66.npy,19,49,273,float32,931,yes,sample_66
sample_67,hsi_cubes/sample_67.npy,18,44,273,float32,792,yes,sample_67
sample_68,hsi_cubes/sample_68.npy,20,65,273,float32,1300,yes,sample_68
sample_69,hsi_cubes/sample_69.npy,21,64,273,float32,1344,yes,sample_69
sample_70,hsi_cubes/sample_70.npy,21,70,273,float32,1470,yes,sample_70
sample_71,hsi_cubes/sample_71.npy,18,60,273,float32,1080,yes,sample_71
sample_72,hsi_cubes/sample_72.npy,21,68,273,float32,1428,yes,sample_72
sample_73,hsi_cubes/sample_73.npy,19,52,273,float32,988,yes,sample_73
sample_74,hsi_cubes/sample_74.npy,12,36,273,float32,432,yes,sample_74
sample_75,hsi_cubes/sample_75.npy,12,50,273,float32,600,yes,sample_75
sample_76,hsi_cubes/sample_76.npy,24,55,273,float32,1320,yes,sample_76
sample_77,hsi_cubes/sample_77.npy,25,53,273,float32,1325,yes,sample_77
sample_78,hsi_cubes/sample_78.npy,12,41,273,float32,492,yes,sample_78
sample_79,hsi_cubes/sample_79.npy,20,51,273,float32,1020,yes,sample_79
sample_80,hsi_cubes/sample_80.npy,14,54,273,float32,756,yes,sample_80
sample_81,hsi_cubes/sample_81.npy,13,35,273,float32,455,yes,sample_81
sample_82,hsi_cubes/sample_82.npy,15,40,273,float32,600,yes,sample_82
sample_83,hsi_cubes/sample_83.npy,11,37,273,float32,407,yes,sample_83
sample_84,hsi_cubes/sample_84.npy,27,69,273,float32,1863,yes,sample_84
sample_85,hsi_cubes/sample_85.npy,27,67,273,float32,1809,yes,sample_85
sample_86,hsi_cubes/sample_86.npy,32,79,273,float32,2528,yes,sample_86
sample_87,hsi_cubes/sample_87.npy,11,37,273,float32,407,yes,sample_87
sample_88,hsi_cubes/sample_88.npy,21,52,273,float32,1092,yes,sample_88
sample_89,hsi_cubes/sample_89.npy,18,46,273,float32,828,yes,sample_89
sample_90,hsi_cubes/sample_90.npy,15,41,273,float32,615,yes,sample_90
sample_91,hsi_cubes/sample_91.npy,7,24,273,float32,168,yes,sample_91
sample_92,hsi_cubes/sample_92.npy,34,88,273,float32,2992,yes,sample_92
sample_93,hsi_cubes/sample_93.npy,30,94,273,float32,2820,yes,sample_93
sample_94,hsi_cubes/sample_94.npy,21,59,273,float32,1239,yes,sample_94
sample_95,hsi_cubes/sample_95.npy,15,47,273,float32,705,yes,sample_95
sample_96,hsi_cubes/sample_96.npy,18,46,273,float32,828,yes,sample_96
sample_97,hsi_cubes/sample_97.npy,14,46,273,float32,644,yes,sample_97
sample_98,hsi_cubes/sample_98.npy,14,35,273,float32,490,yes,sample_98
sample_99,hsi_cubes/sample_99.npy,10,35,273,float32,350,yes,sample_99
sample_100,hsi_cubes/sample_100.npy,32,90,273,float32,2880,yes,sample_100
sample_101,hsi_cubes/sample_101.npy,16,56,273,float32,896,yes,sample_101
sample_102,hsi_cubes/sample_102.npy,21,48,273,float32,1008,yes,sample_102
sample_103,hsi_cubes/sample_103.npy,13,33,273,float32,429,yes,sample_103
sample_104,hsi_cubes/sample_104.npy,24,69,273,float32,1656,yes,sample_104
sample_105,hsi_cubes/sample_105.npy,18,37,273,float32,666,yes,sample_105
sample_106,hsi_cubes/sample_106.npy,12,39,273,float32,468,yes,sample_106
sample_107,hsi_cubes/sample_107.npy,13,35,273,float32,455,yes,sample_107
sample_108,hsi_cubes/sample_108.npy,15,40,273,float32,600,yes,sample_108
sample_109,hsi_cubes/sample_109.npy,12,48,273,float32,576,yes,sample_109
sample_110,hsi_cubes/sample_110.npy,10,31,273,float32,310,yes,sample_110
sample_111,hsi_cubes/sample_111.npy,10,34,273,float32,340,yes,sample_111
sample_112,hsi_cubes/sample_112.npy,28,82,273,float32,2296,yes,sample_112
sample_113,hsi_cubes/sample_113.npy,22,63,273,float32,1386,yes,sample_113
sample_114,hsi_cubes/sample_114.npy,14,37,273,float32,518,yes,sample_114
sample_115,hsi_cubes/sample_115.npy,13,34,273,float32,442,yes,sample_115
sample_116,hsi_cubes/sample_116.npy,16,92,273,float32,1472,yes,sample_116
sample_117,hsi_cubes/sample_117.npy,19,52,273,float32,988,yes,sample_117
sample_118,hsi_cubes/sample_118.npy,17,59,273,float32,1003,yes,sample_118
sample_119,hsi_cubes/sample_119.npy,15,43,273,float32,645,yes,sample_119
sample_120,hsi_cubes/sample_120.npy,19,65,273,float32,1235,yes,sample_120
sample_121,hsi_cubes/sample_121.npy,21,51,273,float32,1071,yes,sample_121
sample_122,hsi_cubes/sample_122.npy,16,57,273,float32,912,yes,sample_122
sample_123,hsi_cubes/sample_123.npy,19,24,273,float32,456,yes,sample_123
sample_124,hsi_cubes/sample_124.npy,22,72,273,float32,1584,yes,sample_124
sample_125,hsi_cubes/sample_125.npy,12,56,273,float32,672,yes,sample_125
sample_126,hsi_cubes/sample_126.npy,13,35,273,float32,455,yes,sample_126
sample_127,hsi_cubes/sample_127.npy,10,35,273,float32,350,yes,sample_127
sample_128,hsi_cubes/sample_128.npy,26,74,273,float32,1924,yes,sample_128
sample_129,hsi_cubes/sample_129.npy,14,48,273,float32,672,yes,sample_129
sample_130,hsi_cubes/sample_130.npy,15,47,273,float32,705,yes,sample_130
sample_131,hsi_cubes/sample_131.npy,16,43,273,float32,688,yes,sample_131
sample_132,hsi_cubes/sample_132.npy,16,57,273,float32,912,yes,sample_132
sample_133,hsi_cubes/sample_133.npy,14,41,273,float32,574,yes,sample_133
sample_134,hsi_cubes/sample_134.npy,12,30,273,float32,360,yes,sample_134
sample_135,hsi_cubes/sample_135.npy,9,28,273,float32,252,yes,sample_135
sample_136,hsi_cubes/sample_136.npy,14,49,273,float32,686,yes,sample_136
sample_137,hsi_cubes/sample_137.npy,12,39,273,float32,468,yes,sample_137
sample_138,hsi_cubes/sample_138.npy,10,35,273,float32,350,yes,sample_138
sample_139,hsi_cubes/sample_139.npy,16,38,273,float32,608,yes,sample_139
sample_140,hsi_cubes/sample_140.npy,9,26,273,float32,234,yes,sample_140
sample_141,hsi_cubes/sample_141.npy,21,60,273,float32,1260,yes,sample_141
sample_142,hsi_cubes/sample_142.npy,18,61,273,float32,1098,yes,sample_142
sample_143,hsi_cubes/sample_143.npy,14,37,273,float32,518,yes,sample_143
sample_144,hsi_cubes/sample_144.npy,16,35,273,float32,560,yes,sample_144
sample_145,hsi_cubes/sample_145.npy,42,112,273,float32,4704,yes,sample_145
sample_146,hsi_cubes/sample_146.npy,33,77,273,float32,2541,yes,sample_146
sample_147,hsi_cubes/sample_147.npy,24,76,273,float32,1824,yes,sample_147
sample_148,hsi_cubes/sample_148.npy,21,46,273,float32,966,yes,sample_148
sample_149,hsi_cubes/sample_149.npy,16,50,273,float32,800,yes,sample_149
sample_150,hsi_cubes/sample_150.npy,18,42,273,float32,756,yes,sample_150
sample_151,hsi_cubes/sample_151.npy,10,34,273,float32,340,yes,sample_151
sample_152,hsi_cubes/sample_152.npy,40,76,273,float32,3040,yes,sample_152
sample_153,hsi_cubes/sample_153.npy,26,67,273,float32,1742,yes,sample_153
sample_154,hsi_cubes/sample_154.npy,21,59,273,float32,1239,yes,sample_154
sample_155,hsi_cubes/sample_155.npy,18,57,273,float32,1026,yes,sample_155
sample_156,hsi_cubes/sample_156.npy,20,50,273,float32,1000,yes,sample_156
sample_157,hsi_cubes/sample_157.npy,12,28,273,float32,336,yes,sample_157
sample_158,hsi_cubes/sample_158.npy,19,55,273,float32,1045,yes,sample_158
sample_159,hsi_cubes/sample_159.npy,17,60,273,float32,1020,yes,sample_159
sample_160,hsi_cubes/sample_160.npy,20,49,273,float32,980,yes,sample_160
sample_161,hsi_cubes/sample_161.npy,24,57,273,float32,1368,yes,sample_161
sample_162,hsi_cubes/sample_162.npy,16,56,273,float32,896,yes,sample_162
sample_163,hsi_cubes/sample_163.npy,19,47,273,float32,893,yes,sample_163
sample_164,hsi_cubes/sample_164.npy,18,55,273,float32,990,yes,sample_164
sample_165,hsi_cubes/sample_165.npy,23,72,273,float32,1656,yes,sample_165
sample_166,hsi_cubes/sample_166.npy,12,37,273,float32,444,yes,sample_166
sample_167,hsi_cubes/sample_167.npy,11,33,273,float32,363,yes,sample_167
sample_168,hsi_cubes/sample_168.npy,10,26,273,float32,260,yes,sample_168
sample_169,hsi_cubes/sample_169.npy,34,78,273,float32,2652,yes,sample_169
sample_170,hsi_cubes/sample_170.npy,19,57,273,float32,1083,yes,sample_170
sample_171,hsi_cubes/sample_171.npy,18,54,273,float32,972,yes,sample_171
sample_172,hsi_cubes/sample_172.npy,22,24,273,float32,528,yes,sample_172
sample_173,hsi_cubes/sample_173.npy,24,62,273,float32,1488,yes,sample_173
sample_174,hsi_cubes/sample_174.npy,18,46,273,float32,828,yes,sample_174
sample_175,hsi_cubes/sample_175.npy,15,40,273,float32,600,yes,sample_175
sample_176,hsi_cubes/sample_176.npy,38,105,273,float32,3990,yes,sample_176
sample_177,hsi_cubes/sample_177.npy,31,82,273,float32,2542,yes,sample_177
sample_178,hsi_cubes/sample_178.npy,37,27,273,float32,999,yes,sample_178
sample_179,hsi_cubes/sample_179.npy,25,65,273,float32,1625,yes,sample_179
sample_180,hsi_cubes/sample_180.npy,22,57,273,float32,1254,yes,sample_180
sample_181,hsi_cubes/sample_181.npy,18,48,273,float32,864,yes,sample_181
sample_182,hsi_cubes/sample_182.npy,16,9,273,float32,144,yes,sample_182
sample_183,hsi_cubes/sample_183.npy,41,123,273,float32,5043,yes,sample_183
sample_184,hsi_cubes/sample_184.npy,26,108,273,float32,2808,yes,sample_184
sample_185,hsi_cubes/sample_185.npy,16,71,273,float32,1136,yes,sample_185
sample_186,hsi_cubes/sample_186.npy,18,70,273,float32,1260,yes,sample_186
sample_187,hsi_cubes/sample_187.npy,28,82,273,float32,2296,yes,sample_187
sample_188,hsi_cubes/sample_188.npy,23,60,273,float32,1380,yes,sample_188
sample_189,hsi_cubes/sample_189.npy,22,74,273,float32,1628,yes,sample_189
sample_190,hsi_cubes/sample_190.npy,17,68,273,float32,1156,yes,sample_190
sample_191,hsi_cubes/sample_191.npy,22,63,273,float32,1386,yes,sample_191
sample_192,hsi_cubes/sample_192.npy,22,80,273,float32,1760,yes,sample_192
sample_193,hsi_cubes/sample_193.npy,20,57,273,float32,1140,yes,sample_193
sample_194,hsi_cubes/sample_194.npy,20,38,273,float32,760,yes,sample_194
sample_195,hsi_cubes/sample_195.npy,22,61,273,float32,1342,yes,sample_195
sample_196,hsi_cubes/sample_196.npy,19,39,273,float32,741,yes,sample_196
sample_197,hsi_cubes/sample_197.npy,13,34,273,float32,442,yes,sample_197
sample_198,hsi_cubes/sample_198.npy,22,55,273,float32,1210,yes,sample_198
sample_199,hsi_cubes/sample_199.npy,25,58,273,float32,1450,yes,sample_199
sample_200,hsi_cubes/sample_200.npy,17,60,273,float32,1020,yes,sample_200
sample_201,hsi_cubes/sample_201.npy,15,36,273,float32,540,yes,sample_201
sample_202,hsi_cubes/sample_202.npy,24,68,273,float32,1632,yes,sample_202
sample_203,hsi_cubes/sample_203.npy,18,64,273,float32,1152,yes,sample_203
sample_204,hsi_cubes/sample_204.npy,9,30,273,float32,270,yes,sample_204
sample_205,hsi_cubes/sample_205.npy,14,30,273,float32,420,yes,sample_205
sample_206,hsi_cubes/sample_206.npy,16,26,273,float32,416,yes,sample_206
sample_207,hsi_cubes/sample_207.npy,12,37,273,float32,444,yes,sample_207
sample_208,hsi_cubes/sample_208.npy,12,24,273,float32,288,yes,sample_208
sample_209,hsi_cubes/sample_209.npy,17,47,273,float32,799,yes,sample_209
sample_210,hsi_cubes/sample_210.npy,14,38,273,float32,532,yes,sample_210
sample_211,hsi_cubes/sample_211.npy,10,36,273,float32,360,yes,sample_211
sample_212,hsi_cubes/sample_212.npy,9,38,273,float32,342,yes,sample_212
sample_213,hsi_cubes/sample_213.npy,12,38,273,float32,456,yes,sample_213
sample_214,hsi_cubes/sample_214.npy,14,35,273,float32,490,yes,sample_214
sample_215,hsi_cubes/sample_215.npy,10,23,273,float32,230,yes,sample_215
sample_216,hsi_cubes/sample_216.npy,8,23,273,float32,184,yes,sample_216
sample_217,hsi_cubes/sample_217.npy,35,82,273,float32,2870,yes,sample_217
sample_218,hsi_cubes/sample_218.npy,19,56,273,float32,1064,yes,sample_218
sample_219,hsi_cubes/sample_219.npy,14,44,273,float32,616,yes,sample_219
sample_220,hsi_cubes/sample_220.npy,13,39,273,float32,507,yes,sample_220
sample_221,hsi_cubes/sample_221.npy,23,78,273,float32,1794,yes,sample_221
sample_222,hsi_cubes/sample_222.npy,13,45,273,float32,585,yes,sample_222
sample_223,hsi_cubes/sample_223.npy,12,32,273,float32,384,yes,sample_223
sample_224,hsi_cubes/sample_224.npy,13,48,273,float32,624,yes,sample_224
sample_225,hsi_cubes/sample_225.npy,25,105,273,float32,2625,yes,sample_225
sample_226,hsi_cubes/sample_226.npy,19,50,273,float32,950,yes,sample_226
sample_227,hsi_cubes/sample_227.npy,10,32,273,float32,320,yes,sample_227
sample_228,hsi_cubes/sample_228.npy,11,35,273,float32,385,yes,sample_228
sample_229,hsi_cubes/sample_229.npy,23,76,273,float32,1748,yes,sample_229
sample_230,hsi_cubes/sample_230.npy,24,66,273,float32,1584,yes,sample_230
sample_231,hsi_cubes/sample_231.npy,21,75,273,float32,1575,yes,sample_231
sample_232,hsi_cubes/sample_232.npy,18,53,273,float32,954,yes,sample_232
sample_233,hsi_cubes/sample_233.npy,20,79,273,float32,1580,yes,sample_233
sample_234,hsi_cubes/sample_234.npy,18,43,273,float32,774,yes,sample_234
sample_235,hsi_cubes/sample_235.npy,13,41,273,float32,533,yes,sample_235
sample_236,hsi_cubes/sample_236.npy,19,47,273,float32,893,yes,sample_236
sample_237,hsi_cubes/sample_237.npy,14,30,273,float32,420,yes,sample_237
sample_238,hsi_cubes/sample_238.npy,29,83,273,float32,2407,yes,sample_238
sample_239,hsi_cubes/sample_239.npy,30,83,273,float32,2490,yes,sample_239
sample_240,hsi_cubes/sample_240.npy,22,76,273,float32,1672,yes,sample_240
sample_241,hsi_cubes/sample_241.npy,33,80,273,float32,2640,yes,sample_241
sample_242,hsi_cubes/sample_242.npy,22,70,273,float32,1540,yes,sample_242
sample_243,hsi_cubes/sample_243.npy,17,55,273,float32,935,yes,sample_243
sample_244,hsi_cubes/sample_244.npy,14,41,273,float32,574,yes,sample_244
sample_245,hsi_cubes/sample_245.npy,19,64,273,float32,1216,yes,sample_245
sample_246,hsi_cubes/sample_246.npy,12,35,273,float32,420,yes,sample_246
sample_247,hsi_cubes/sample_247.npy,11,26,273,float32,286,yes,sample_247
sample_248,hsi_cubes/sample_248.npy,8,23,273,float32,184,yes,sample_248
sample_249,hsi_cubes/sample_249.npy,27,72,273,float32,1944,yes,sample_249
sample_250,hsi_cubes/sample_250.npy,23,70,273,float32,1610,yes,sample_250
sample_251,hsi_cubes/sample_251.npy,20,55,273,float32,1100,yes,sample_251
sample_252,hsi_cubes/sample_252.npy,22,49,273,float32,1078,yes,sample_252
sample_253,hsi_cubes/sample_253.npy,20,51,273,float32,1020,yes,sample_253
sample_254,hsi_cubes/sample_254.npy,18,52,273,float32,936,yes,sample_254
sample_255,hsi_cubes/sample_255.npy,17,47,273,float32,799,yes,sample_255
sample_256,hsi_cubes/sample_256.npy,16,35,273,float32,560,yes,sample_256
sample_257,hsi_cubes/sample_257.npy,22,80,273,float32,1760,yes,sample_257
sample_258,hsi_cubes/sample_258.npy,35,63,273,float32,2205,yes,sample_258
sample_259,hsi_cubes/sample_259.npy,12,36,273,float32,432,yes,sample_259
sample_260,hsi_cubes/sample_260.npy,13,41,273,float32,533,yes,sample_260
sample_261,hsi_cubes/sample_261.npy,19,50,273,float32,950,yes,sample_261
sample_262,hsi_cubes/sample_262.npy,15,48,273,float32,720,yes,sample_262
sample_263,hsi_cubes/sample_263.npy,11,33,273,float32,363,yes,sample_263
sample_264,hsi_cubes/sample_264.npy,12,31,273,float32,372,yes,sample_264
sample_265,hsi_cubes/sample_265.npy,36,69,273,float32,2484,yes,sample_265
sample_266,hsi_cubes/sample_266.npy,30,88,273,float32,2640,yes,sample_266
sample_267,hsi_cubes/sample_267.npy,14,48,273,float32,672,yes,sample_267
sample_268,hsi_cubes/sample_268.npy,18,69,273,float32,1242,yes,sample_268
sample_269,hsi_cubes/sample_269.npy,26,112,273,float32,2912,yes,sample_269
sample_270,hsi_cubes/sample_270.npy,18,41,273,float32,738,yes,sample_270
sample_271,hsi_cubes/sample_271.npy,9,27,273,float32,243,yes,sample_271
sample_272,hsi_cubes/sample_272.npy,13,40,273,float32,520,yes,sample_272
sample_273,hsi_cubes/sample_273.npy,19,53,273,float32,1007,yes,sample_273
sample_274,hsi_cubes/sample_274.npy,17,41,273,float32,697,yes,sample_274
sample_275,hsi_cubes/sample_275.npy,17,42,273,float32,714,yes,sample_275
sample_276,hsi_cubes/sample_276.npy,17,51,273,float32,867,yes,sample_276
sample_277,hsi_cubes/sample_277.npy,18,43,273,float32,774,yes,sample_277
sample_278,hsi_cubes/sample_278.npy,16,40,273,float32,640,yes,sample_278
sample_279,hsi_cubes/sample_279.npy,6,24,273,float32,144,yes,sample_279
sample_280,hsi_cubes/sample_280.npy,16,30,273,float32,480,yes,sample_280
sample_281,hsi_cubes/sample_281.npy,27,54,273,float32,1458,yes,sample_281
sample_282,hsi_cubes/sample_282.npy,15,38,273,float32,570,yes,sample_282
sample_283,hsi_cubes/sample_283.npy,15,37,273,float32,555,yes,sample_283
sample_284,hsi_cubes/sample_284.npy,12,35,273,float32,420,yes,sample_284
sample_285,hsi_cubes/sample_285.npy,30,97,273,float32,2910,yes,sample_285
sample_286,hsi_cubes/sample_286.npy,20,58,273,float32,1160,yes,sample_286
sample_287,hsi_cubes/sample_287.npy,12,25,273,float32,300,yes,sample_287
sample_288,hsi_cubes/sample_288.npy,10,31,273,float32,310,yes,sample_288
sample_289,hsi_cubes/sample_289.npy,25,65,273,float32,1625,yes,sample_289
sample_290,hsi_cubes/sample_290.npy,22,70,273,float32,1540,yes,sample_290
sample_291,hsi_cubes/sample_291.npy,21,58,273,float32,1218,yes,sample_291
sample_292,hsi_cubes/sample_292.npy,17,48,273,float32,816,yes,sample_292
sample_293,hsi_cubes/sample_293.npy,12,32,273,float32,384,yes,sample_293
sample_294,hsi_cubes/sample_294.npy,8,26,273,float32,208,yes,sample_294
sample_295,hsi_cubes/sample_295.npy,15,30,273,float32,450,yes,sample_295
sample_296,hsi_cubes/sample_296.npy,12,33,273,float32,396,yes,sample_296
sample_297,hsi_cubes/sample_297.npy,18,45,273,float32,810,yes,sample_297
sample_298,hsi_cubes/sample_298.npy,11,31,273,float32,341,yes,sample_298
sample_299,hsi_cubes/sample_299.npy,9,28,273,float32,252,yes,sample_299
sample_300,hsi_cubes/sample_300.npy,8,23,273,float32,184,yes,sample_300
sample_301,hsi_cubes/sample_301.npy,28,77,273,float32,2156,yes,sample_301
sample_302,hsi_cubes/sample_302.npy,18,53,273,float32,954,yes,sample_302
sample_303,hsi_cubes/sample_303.npy,15,40,273,float32,600,yes,sample_303
sample_304,hsi_cubes/sample_304.npy,13,58,273,float32,754,yes,sample_304
sample_305,hsi_cubes/sample_305.npy,21,49,273,float32,1029,yes,sample_305
sample_306,hsi_cubes/sample_306.npy,21,47,273,float32,987,yes,sample_306
sample_307,hsi_cubes/sample_307.npy,15,44,273,float32,660,yes,sample_307
sample_308,hsi_cubes/sample_308.npy,15,44,273,float32,660,yes,sample_308
sample_309,hsi_cubes/sample_309.npy,12,34,273,float32,408,yes,sample_309
sample_310,hsi_cubes/sample_310.npy,24,75,273,float32,1800,yes,sample_310
sample_311,hsi_cubes/sample_311.npy,24,56,273,float32,1344,yes,sample_311
sample_312,hsi_cubes/sample_312.npy,22,47,273,float32,1034,yes,sample_312
sample_313,hsi_cubes/sample_313.npy,15,33,273,float32,495,yes,sample_313
sample_314,hsi_cubes/sample_314.npy,28,97,273,float32,2716,yes,sample_314
sample_315,hsi_cubes/sample_315.npy,18,51,273,float32,918,yes,sample_315
sample_316,hsi_cubes/sample_316.npy,15,51,273,float32,765,yes,sample_316
sample_317,hsi_cubes/sample_317.npy,16,38,273,float32,608,yes,sample_317
sample_318,hsi_cubes/sample_318.npy,25,57,273,float32,1425,yes,sample_318
sample_319,hsi_cubes/sample_319.npy,25,44,273,float32,1100,yes,sample_319
sample_320,hsi_cubes/sample_320.npy,20,50,273,float32,1000,yes,sample_320
sample_321,hsi_cubes/sample_321.npy,19,52,273,float32,988,yes,sample_321
sample_322,hsi_cubes/sample_322.npy,26,96,273,float32,2496,yes,sample_322
sample_323,hsi_cubes/sample_323.npy,26,77,273,float32,2002,yes,sample_323
sample_324,hsi_cubes/sample_324.npy,25,74,273,float32,1850,yes,sample_324
sample_325,hsi_cubes/sample_325.npy,16,47,273,float32,752,yes,sample_325
sample_326,hsi_cubes/sample_326.npy,12,32,273,float32,384,yes,sample_326
sample_327,hsi_cubes/sample_327.npy,13,35,273,float32,455,yes,sample_327
sample_328,hsi_cubes/sample_328.npy,24,63,273,float32,1512,yes,sample_328
sample_329,hsi_cubes/sample_329.npy,19,65,273,float32,1235,yes,sample_329
sample_330,hsi_cubes/sample_330.npy,19,52,273,float32,988,yes,sample_330
sample_331,hsi_cubes/sample_331.npy,9,28,273,float32,252,yes,sample_331
sample_332,hsi_cubes/sample_332.npy,10,27,273,float32,270,yes,sample_332
sample_333,hsi_cubes/sample_333.npy,28,101,273,float32,2828,yes,sample_333
sample_334,hsi_cubes/sample_334.npy,30,97,273,float32,2910,yes,sample_334
sample_335,hsi_cubes/sample_335.npy,28,58,273,float32,1624,yes,sample_335
sample_336,hsi_cubes/sample_336.npy,21,55,273,float32,1155,yes,sample_336
sample_337,hsi_cubes/sample_337.npy,15,48,273,float32,720,yes,sample_337
sample_338,hsi_cubes/sample_338.npy,14,43,273,float32,602,yes,sample_338
sample_339,hsi_cubes/sample_339.npy,23,75,273,float32,1725,yes,sample_339
sample_340,hsi_cubes/sample_340.npy,25,77,273,float32,1925,yes,sample_340
sample_341,hsi_cubes/sample_341.npy,16,53,273,float32,848,yes,sample_341
sample_342,hsi_cubes/sample_342.npy,20,55,273,float32,1100,yes,sample_342
sample_343,hsi_cubes/sample_343.npy,16,45,273,float32,720,yes,sample_343
sample_344,hsi_cubes/sample_344.npy,12,47,273,float32,564,yes,sample_344
sample_345,hsi_cubes/sample_345.npy,8,23,273,float32,184,yes,sample_345
sample_346,hsi_cubes/sample_346.npy,13,40,273,float32,520,yes,sample_346
sample_347,hsi_cubes/sample_347.npy,12,40,273,float32,480,yes,sample_347
sample_348,hsi_cubes/sample_348.npy,7,23,273,float32,161,yes,sample_348
sample_349,hsi_cubes/sample_349.npy,9,28,273,float32,252,yes,sample_349
sample_350,hsi_cubes/sample_350.npy,12,32,273,float32,384,yes,sample_350
sample_351,hsi_cubes/sample_351.npy,17,44,273,float32,748,yes,sample_351
sample_352,hsi_cubes/sample_352.npy,11,31,273,float32,341,yes,sample_352
sample_353,hsi_cubes/sample_353.npy,11,30,273,float32,330,yes,sample_353
sample_354,hsi_cubes/sample_354.npy,9,19,273,float32,171,yes,sample_354
sample_355,hsi_cubes/sample_355.npy,26,173,273,float32,4498,yes,sample_355
sample_356,hsi_cubes/sample_356.npy,26,141,273,float32,3666,yes,sample_356
sample_357,hsi_cubes/sample_357.npy,35,149,273,float32,5215,yes,sample_357
sample_358,hsi_cubes/sample_358.npy,62,206,273,float32,12772,yes,sample_358
sample_359,hsi_cubes/sample_359.npy,27,124,273,float32,3348,yes,sample_359
sample_360,hsi_cubes/sample_360.npy,46,227,273,float32,10442,yes,sample_360
sample_361,hsi_cubes/sample_361.npy,18,89,273,float32,1602,yes,sample_361
sample_362,hsi_cubes/sample_362.npy,31,150,273,float32,4650,yes,sample_362
sample_363,hsi_cubes/sample_363.npy,26,98,273,float32,2548,yes,sample_363
sample_364,hsi_cubes/sample_364.npy,50,206,273,float32,10300,yes,sample_364
sample_365,hsi_cubes/sample_365.npy,23,155,273,float32,3565,yes,sample_365
sample_366,hsi_cubes/sample_366.npy,25,142,273,float32,3550,yes,sample_366
sample_367,hsi_cubes/sample_367.npy,24,91,273,float32,2184,yes,sample_367
sample_368,hsi_cubes/sample_368.npy,31,134,273,float32,4154,yes,sample_368
sample_369,hsi_cubes/sample_369.npy,19,121,273,float32,2299,yes,sample_369
sample_370,hsi_cubes/sample_370.npy,39,146,273,float32,5694,yes,sample_370
sample_371,hsi_cubes/sample_371.npy,30,133,273,float32,3990,yes,sample_371
sample_372,hsi_cubes/sample_372.npy,29,156,273,float32,4524,yes,sample_372
sample_373,hsi_cubes/sample_373.npy,23,150,273,float32,3450,yes,sample_373
sample_374,hsi_cubes/sample_374.npy,36,142,273,float32,5112,yes,sample_374
sample_375,hsi_cubes/sample_375.npy,27,114,273,float32,3078,yes,sample_375
sample_376,hsi_cubes/sample_376.npy,23,141,273,float32,3243,yes,sample_376
sample_377,hsi_cubes/sample_377.npy,48,199,273,float32,9552,yes,sample_377
sample_378,hsi_cubes/sample_378.npy,30,141,273,float32,4230,yes,sample_378
sample_379,hsi_cubes/sample_379.npy,48,237,273,float32,11376,yes,sample_379
sample_380,hsi_cubes/sample_380.npy,69,183,273,float32,12627,yes,sample_380
sample_381,hsi_cubes/sample_381.npy,53,175,273,float32,9275,yes,sample_381
sample_382,hsi_cubes/sample_382.npy,18,104,273,float32,1872,yes,sample_382
sample_383,hsi_cubes/sample_383.npy,28,75,273,float32,2100,yes,sample_383
sample_384,hsi_cubes/sample_384.npy,20,90,273,float32,1800,yes,sample_384
sample_385,hsi_cubes/sample_385.npy,25,107,273,float32,2675,yes,sample_385
sample_386,hsi_cubes/sample_386.npy,57,198,273,float32,11286,yes,sample_386
sample_387,hsi_cubes/sample_387.npy,19,154,273,float32,2926,yes,sample_387
sample_388,hsi_cubes/sample_388.npy,50,155,273,float32,7750,yes,sample_388
sample_389,hsi_cubes/sample_389.npy,71,154,273,float32,10934,yes,sample_389
sample_390,hsi_cubes/sample_390.npy,39,168,273,float32,6552,yes,sample_390
sample_391,hsi_cubes/sample_391.npy,38,166,273,float32,6308,yes,sample_391
sample_392,hsi_cubes/sample_392.npy,47,216,273,float32,10152,yes,sample_392
sample_393,hsi_cubes/sample_393.npy,26,137,273,float32,3562,yes,sample_393
sample_394,hsi_cubes/sample_394.npy,36,204,273,float32,7344,yes,sample_394
sample_395,hsi_cubes/sample_395.npy,39,214,273,float32,8346,yes,sample_395
sample_396,hsi_cubes/sample_396.npy,27,203,273,float32,5481,yes,sample_396
sample_397,hsi_cubes/sample_397.npy,31,169,273,float32,5239,yes,sample_397
sample_398,hsi_cubes/sample_398.npy,62,178,273,float32,11036,yes,sample_398
sample_399,hsi_cubes/sample_399.npy,21,150,273,float32,3150,yes,sample_399
sample_400,hsi_cubes/sample_400.npy,28,153,273,float32,4284,yes,sample_400
sample_401,hsi_cubes/sample_401.npy,87,141,273,float32,12267,yes,sample_401
sample_402,hsi_cubes/sample_402.npy,93,183,273,float32,17019,yes,sample_402
sample_403,hsi_cubes/sample_403.npy,30,218,273,float32,6540,yes,sample_403
sample_404,hsi_cubes/sample_404.npy,33,191,273,float32,6303,yes,sample_404
sample_405,hsi_cubes/sample_405.npy,42,183,273,float32,7686,yes,sample_405
sample_406,hsi_cubes/sample_406.npy,50,284,273,float32,14200,yes,sample_406
sample_407,hsi_cubes/sample_407.npy,35,201,273,float32,7035,yes,sample_407
sample_408,hsi_cubes/sample_408.npy,62,205,273,float32,12710,yes,sample_408
sample_409,hsi_cubes/sample_409.npy,32,178,273,float32,5696,yes,sample_409
sample_410,hsi_cubes/sample_410.npy,37,171,273,float32,6327,yes,sample_410
sample_411,hsi_cubes/sample_411.npy,23,158,273,float32,3634,yes,sample_411
sample_412,hsi_cubes/sample_412.npy,23,121,273,float32,2783,yes,sample_412
sample_413,hsi_cubes/sample_413.npy,29,93,273,float32,2697,yes,sample_413
sample_414,hsi_cubes/sample_414.npy,43,141,273,float32,6063,yes,sample_414
sample_415,hsi_cubes/sample_415.npy,34,193,273,float32,6562,yes,sample_415
sample_416,hsi_cubes/sample_416.npy,45,136,273,float32,6120,yes,sample_416
sample_417,hsi_cubes/sample_417.npy,26,120,273,float32,3120,yes,sample_417
sample_418,hsi_cubes/sample_418.npy,29,163,273,float32,4727,yes,sample_418
sample_419,hsi_cubes/sample_419.npy,30,135,273,float32,4050,yes,sample_419
sample_420,hsi_cubes/sample_420.npy,33,148,273,float32,4884,yes,sample_420
sample_421,hsi_cubes/sample_421.npy,23,105,273,float32,2415,yes,sample_421
sample_422,hsi_cubes/sample_422.npy,44,155,273,float32,6820,yes,sample_422
sample_423,hsi_cubes/sample_423.npy,17,139,273,float32,2363,yes,sample_423
sample_424,hsi_cubes/sample_424.npy,32,226,273,float32,7232,yes,sample_424
sample_425,hsi_cubes/sample_425.npy,59,160,273,float32,9440,yes,sample_425
sample_426,hsi_cubes/sample_426.npy,21,120,273,float32,2520,yes,sample_426
sample_427,hsi_cubes/sample_427.npy,31,165,273,float32,5115,yes,sample_427
sample_428,hsi_cubes/sample_428.npy,27,147,273,float32,3969,yes,sample_428
sample_429,hsi_cubes/sample_429.npy,31,124,273,float32,3844,yes,sample_429
sample_430,hsi_cubes/sample_430.npy,74,213,273,float32,15762,yes,sample_430
sample_431,hsi_cubes/sample_431.npy,28,159,273,float32,4452,yes,sample_431
sample_432,hsi_cubes/sample_432.npy,25,218,273,float32,5450,yes,sample_432
sample_433,hsi_cubes/sample_433.npy,79,289,273,float32,22831,yes,sample_433
sample_434,hsi_cubes/sample_434.npy,22,126,273,float32,2772,yes,sample_434
sample_435,hsi_cubes/sample_435.npy,47,208,273,float32,9776,yes,sample_435
sample_436,hsi_cubes/sample_436.npy,66,189,273,float32,12474,yes,sample_436
sample_437,hsi_cubes/sample_437.npy,19,117,273,float32,2223,yes,sample_437
sample_438,hsi_cubes/sample_438.npy,25,123,273,float32,3075,yes,sample_438
sample_439,hsi_cubes/sample_439.npy,30,186,273,float32,5580,yes,sample_439
sample_440,hsi_cubes/sample_440.npy,32,122,273,float32,3904,yes,sample_440
sample_441,hsi_cubes/sample_441.npy,50,223,273,float32,11150,yes,sample_441
sample_442,hsi_cubes/sample_442.npy,16,112,273,float32,1792,yes,sample_442
sample_443,hsi_cubes/sample_443.npy,32,130,273,float32,4160,yes,sample_443
sample_444,hsi_cubes/sample_444.npy,78,248,273,float32,19344,yes,sample_444
sample_445,hsi_cubes/sample_445.npy,27,164,273,float32,4428,yes,sample_445
sample_446,hsi_cubes/sample_446.npy,45,196,273,float32,8820,yes,sample_446
sample_447,hsi_cubes/sample_447.npy,31,170,273,float32,5270,yes,sample_447
sample_448,hsi_cubes/sample_448.npy,50,299,273,float32,14950,yes,sample_448
sample_449,hsi_cubes/sample_449.npy,37,172,273,float32,6364,yes,sample_449
sample_450,hsi_cubes/sample_450.npy,50,221,273,float32,11050,yes,sample_450
sample_451,hsi_cubes/sample_451.npy,24,203,273,float32,4872,yes,sample_451
sample_452,hsi_cubes/sample_452.npy,39,204,273,float32,7956,yes,sample_452
sample_453,hsi_cubes/sample_453.npy,48,183,273,float32,8784,yes,sample_453
sample_454,hsi_cubes/sample_454.npy,71,225,273,float32,15975,yes,sample_454
sample_455,hsi_cubes/sample_455.npy,58,186,273,float32,10788,yes,sample_455
sample_456,hsi_cubes/sample_456.npy,63,192,273,float32,12096,yes,sample_456
sample_457,hsi_cubes/sample_457.npy,34,190,273,float32,6460,yes,sample_457
sample_458,hsi_cubes/sample_458.npy,33,193,273,float32,6369,yes,sample_458
sample_459,hsi_cubes/sample_459.npy,36,190,273,float32,6840,yes,sample_459
sample_460,hsi_cubes/sample_460.npy,33,173,273,float32,5709,yes,sample_460
sample_461,hsi_cubes/sample_461.npy,29,187,273,float32,5423,yes,sample_461
sample_462,hsi_cubes/sample_462.npy,72,194,273,float32,13968,yes,sample_462
sample_463,hsi_cubes/sample_463.npy,62,232,273,float32,14384,yes,sample_463
sample_464,hsi_cubes/sample_464.npy,66,200,273,float32,13200,yes,sample_464
sample_465,hsi_cubes/sample_465.npy,68,138,273,float32,9384,yes,sample_465
sample_466,hsi_cubes/sample_466.npy,33,171,273,float32,5643,yes,sample_466
sample_467,hsi_cubes/sample_467.npy,25,154,273,float32,3850,yes,sample_467
sample_468,hsi_cubes/sample_468.npy,68,158,273,float32,10744,yes,sample_468
sample_469,hsi_cubes/sample_469.npy,46,230,273,float32,10580,yes,sample_469
sample_470,hsi_cubes/sample_470.npy,29,157,273,float32,4553,yes,sample_470
sample_471,hsi_cubes/sample_471.npy,62,209,273,float32,12958,yes,sample_471
sample_472,hsi_cubes/sample_472.npy,30,125,273,float32,3750,yes,sample_472
sample_473,hsi_cubes/sample_473.npy,76,209,273,float32,15884,yes,sample_473
sample_474,hsi_cubes/sample_474.npy,30,188,273,float32,5640,yes,sample_474
sample_475,hsi_cubes/sample_475.npy,27,138,273,float32,3726,yes,sample_475
sample_476,hsi_cubes/sample_476.npy,41,158,273,float32,6478,yes,sample_476
sample_477,hsi_cubes/sample_477.npy,38,181,273,float32,6878,yes,sample_477
sample_478,hsi_cubes/sample_478.npy,39,215,273,float32,8385,yes,sample_478
sample_479,hsi_cubes/sample_479.npy,29,128,273,float32,3712,yes,sample_479
sample_480,hsi_cubes/sample_480.npy,41,176,273,float32,7216,yes,sample_480
sample_481,hsi_cubes/sample_481.npy,21,168,273,float32,3528,yes,sample_481
sample_482,hsi_cubes/sample_482.npy,26,149,273,float32,3874,yes,sample_482
sample_483,hsi_cubes/sample_483.npy,27,179,273,float32,4833,yes,sample_483
sample_484,hsi_cubes/sample_484.npy,30,256,273,float32,7680,yes,sample_484
sample_485,hsi_cubes/sample_485.npy,32,159,273,float32,5088,yes,sample_485
sample_486,hsi_cubes/sample_486.npy,35,217,273,float32,7595,yes,sample_486
sample_487,hsi_cubes/sample_487.npy,47,271,273,float32,12737,yes,sample_487
sample_488,hsi_cubes/sample_488.npy,59,172,273,float32,10148,yes,sample_488
sample_489,hsi_cubes/sample_489.npy,43,210,273,float32,9030,yes,sample_489
sample_490,hsi_cubes/sample_490.npy,33,156,273,float32,5148,yes,sample_490
sample_491,hsi_cubes/sample_491.npy,38,205,273,float32,7790,yes,sample_491
sample_492,hsi_cubes/sample_492.npy,83,212,273,float32,17596,yes,sample_492
sample_493,hsi_cubes/sample_493.npy,28,169,273,float32,4732,yes,sample_493
sample_494,hsi_cubes/sample_494.npy,33,140,273,float32,4620,yes,sample_494
sample_495,hsi_cubes/sample_495.npy,39,195,273,float32,7605,yes,sample_495
sample_496,hsi_cubes/sample_496.npy,40,206,273,float32,8240,yes,sample_496
sample_497,hsi_cubes/sample_497.npy,59,209,273,float32,12331,yes,sample_497
sample_498,hsi_cubes/sample_498.npy,45,164,273,float32,7380,yes,sample_498
sample_499,hsi_cubes/sample_499.npy,32,166,273,float32,5312,yes,sample_499
sample_500,hsi_cubes/sample_500.npy,64,186,273,float32,11904,yes,sample_500
sample_501,hsi_cubes/sample_501.npy,32,153,273,float32,4896,yes,sample_501
sample_502,hsi_cubes/sample_502.npy,41,199,273,float32,8159,yes,sample_502
sample_503,hsi_cubes/sample_503.npy,52,203,273,float32,10556,yes,sample_503
sample_504,hsi_cubes/sample_504.npy,83,278,273,float32,23074,yes,sample_504
sample_505,hsi_cubes/sample_505.npy,52,226,273,float32,11752,yes,sample_505
sample_506,hsi_cubes/sample_506.npy,30,122,273,float32,3660,yes,sample_506
sample_507,hsi_cubes/sample_507.npy,26,251,273,float32,6526,yes,sample_507
sample_508,hsi_cubes/sample_508.npy,57,156,273,float32,8892,yes,sample_508
sample_509,hsi_cubes/sample_509.npy,77,211,273,float32,16247,yes,sample_509
sample_510,hsi_cubes/sample_510.npy,22,94,273,float32,2068,yes,sample_510
sample_511,hsi_cubes/sample_511.npy,30,113,273,float32,3390,yes,sample_511
sample_512,hsi_cubes/sample_512.npy,21,90,273,float32,1890,yes,sample_512
sample_513,hsi_cubes/sample_513.npy,35,172,273,float32,6020,yes,sample_513
sample_514,hsi_cubes/sample_514.npy,39,166,273,float32,6474,yes,sample_514
sample_515,hsi_cubes/sample_515.npy,27,132,273,float32,3564,yes,sample_515
sample_516,hsi_cubes/sample_516.npy,45,161,273,float32,7245,yes,sample_516
sample_517,hsi_cubes/sample_517.npy,26,125,273,float32,3250,yes,sample_517
sample_518,hsi_cubes/sample_518.npy,48,162,273,float32,7776,yes,sample_518
sample_519,hsi_cubes/sample_519.npy,22,161,273,float32,3542,yes,sample_519
sample_520,hsi_cubes/sample_520.npy,74,205,273,float32,15170,yes,sample_520
sample_521,hsi_cubes/sample_521.npy,34,215,273,float32,7310,yes,sample_521
sample_522,hsi_cubes/sample_522.npy,21,83,273,float32,1743,yes,sample_522
sample_523,hsi_cubes/sample_523.npy,53,165,273,float32,8745,yes,sample_523
sample_524,hsi_cubes/sample_524.npy,21,120,273,float32,2520,yes,sample_524
sample_525,hsi_cubes/sample_525.npy,36,202,273,float32,7272,yes,sample_525
sample_526,hsi_cubes/sample_526.npy,42,230,273,float32,9660,yes,sample_526
sample_527,hsi_cubes/sample_527.npy,69,132,273,float32,9108,yes,sample_527
sample_528,hsi_cubes/sample_528.npy,60,124,273,float32,7440,yes,sample_528
sample_529,hsi_cubes/sample_529.npy,38,150,273,float32,5700,yes,sample_529
sample_530,hsi_cubes/sample_530.npy,65,241,273,float32,15665,yes,sample_530
sample_531,hsi_cubes/sample_531.npy,35,162,273,float32,5670,yes,sample_531
sample_532,hsi_cubes/sample_532.npy,27,170,273,float32,4590,yes,sample_532
sample_533,hsi_cubes/sample_533.npy,33,135,273,float32,4455,yes,sample_533
sample_534,hsi_cubes/sample_534.npy,27,98,273,float32,2646,yes,sample_534
sample_535,hsi_cubes/sample_535.npy,20,91,273,float32,1820,yes,sample_535
sample_536,hsi_cubes/sample_536.npy,23,137,273,float32,3151,yes,sample_536
sample_537,hsi_cubes/sample_537.npy,35,152,273,float32,5320,yes,sample_537
sample_538,hsi_cubes/sample_538.npy,29,172,273,float32,4988,yes,sample_538
sample_539,hsi_cubes/sample_539.npy,55,155,273,float32,8525,yes,sample_539
sample_540,hsi_cubes/sample_540.npy,26,212,273,float32,5512,yes,sample_540
sample_541,hsi_cubes/sample_541.npy,22,146,273,float32,3212,yes,sample_541
sample_542,hsi_cubes/sample_542.npy,88,275,273,float32,24200,yes,sample_542
sample_543,hsi_cubes/sample_543.npy,19,75,273,float32,1425,yes,sample_543
sample_544,hsi_cubes/sample_544.npy,30,145,273,float32,4350,yes,sample_544
sample_545,hsi_cubes/sample_545.npy,21,105,273,float32,2205,yes,sample_545
sample_546,hsi_cubes/sample_546.npy,29,167,273,float32,4843,yes,sample_546
sample_547,hsi_cubes/sample_547.npy,39,155,273,float32,6045,yes,sample_547
sample_548,hsi_cubes/sample_548.npy,82,246,273,float32,20172,yes,sample_548
sample_549,hsi_cubes/sample_549.npy,42,194,273,float32,8148,yes,sample_549
sample_550,hsi_cubes/sample_550.npy,40,209,273,float32,8360,yes,sample_550
sample_551,hsi_cubes/sample_551.npy,40,236,273,float32,9440,yes,sample_551
sample_552,hsi_cubes/sample_552.npy,98,173,273,float32,16954,yes,sample_552
sample_553,hsi_cubes/sample_553.npy,36,144,273,float32,5184,yes,sample_553
sample_554,hsi_cubes/sample_554.npy,48,175,273,float32,8400,yes,sample_554
sample_555,hsi_cubes/sample_555.npy,54,258,273,float32,13932,yes,sample_555
sample_556,hsi_cubes/sample_556.npy,79,248,273,float32,19592,yes,sample_556
sample_557,hsi_cubes/sample_557.npy,30,150,273,float32,4500,yes,sample_557
sample_558,hsi_cubes/sample_558.npy,57,167,273,float32,9519,yes,sample_558
sample_559,hsi_cubes/sample_559.npy,89,237,273,float32,21093,yes,sample_559
sample_560,hsi_cubes/sample_560.npy,33,181,273,float32,5973,yes,sample_560
sample_561,hsi_cubes/sample_561.npy,37,206,273,float32,7622,yes,sample_561
sample_562,hsi_cubes/sample_562.npy,24,120,273,float32,2880,yes,sample_562
sample_563,hsi_cubes/sample_563.npy,30,136,273,float32,4080,yes,sample_563
sample_564,hsi_cubes/sample_564.npy,73,260,273,float32,18980,yes,sample_564
sample_565,hsi_cubes/sample_565.npy,31,172,273,float32,5332,yes,sample_565
sample_566,hsi_cubes/sample_566.npy,22,103,273,float32,2266,yes,sample_566
sample_567,hsi_cubes/sample_567.npy,64,240,273,float32,15360,yes,sample_567
sample_568,hsi_cubes/sample_568.npy,34,161,273,float32,5474,yes,sample_568
sample_569,hsi_cubes/sample_569.npy,36,146,273,float32,5256,yes,sample_569
sample_570,hsi_cubes/sample_570.npy,83,171,273,float32,14193,yes,sample_570
sample_571,hsi_cubes/sample_571.npy,28,153,273,float32,4284,yes,sample_571
sample_572,hsi_cubes/sample_572.npy,21,141,273,float32,2961,yes,sample_572
sample_573,hsi_cubes/sample_573.npy,35,175,273,float32,6125,yes,sample_573
sample_574,hsi_cubes/sample_574.npy,46,144,273,float32,6624,yes,sample_574
sample_575,hsi_cubes/sample_575.npy,100,243,273,float32,24300,yes,sample_575
sample_576,hsi_cubes/sample_576.npy,88,210,273,float32,18480,yes,sample_576
sample_577,hsi_cubes/sample_577.npy,41,230,273,float32,9430,yes,sample_577
sample_578,hsi_cubes/sample_578.npy,32,115,273,float32,3680,yes,sample_578
sample_579,hsi_cubes/sample_579.npy,31,141,273,float32,4371,yes,sample_579
sample_580,hsi_cubes/sample_580.npy,34,112,273,float32,3808,yes,sample_580
sample_581,hsi_cubes/sample_581.npy,42,176,273,float32,7392,yes,sample_581
sample_582,hsi_cubes/sample_582.npy,39,231,273,float32,9009,yes,sample_582
sample_583,hsi_cubes/sample_583.npy,34,185,273,float32,6290,yes,sample_583
sample_584,hsi_cubes/sample_584.npy,23,194,273,float32,4462,yes,sample_584
sample_585,hsi_cubes/sample_585.npy,59,150,273,float32,8850,yes,sample_585
sample_586,hsi_cubes/sample_586.npy,43,247,273,float32,10621,yes,sample_586
sample_587,hsi_cubes/sample_587.npy,62,162,273,float32,10044,yes,sample_587
sample_588,hsi_cubes/sample_588.npy,38,225,273,float32,8550,yes,sample_588
sample_589,hsi_cubes/sample_589.npy,51,248,273,float32,12648,yes,sample_589
sample_590,hsi_cubes/sample_590.npy,30,213,273,float32,6390,yes,sample_590
sample_591,hsi_cubes/sample_591.npy,44,214,273,float32,9416,yes,sample_591
sample_592,hsi_cubes/sample_592.npy,82,239,273,float32,19598,yes,sample_592
sample_593,hsi_cubes/sample_593.npy,54,202,273,float32,10908,yes,sample_593
sample_594,hsi_cubes/sample_594.npy,57,238,273,float32,13566,yes,sample_594
sample_595,hsi_cubes/sample_595.npy,63,183,273,float32,11529,yes,sample_595
sample_596,hsi_cubes/sample_596.npy,79,287,273,float32,22673,yes,sample_596
sample_597,hsi_cubes/sample_597.npy,32,150,273,float32,4800,yes,sample_597
sample_598,hsi_cubes/sample_598.npy,38,156,273,float32,5928,yes,sample_598
sample_599,hsi_cubes/sample_599.npy,68,124,273,float32,8432,yes,sample_599
sample_600,hsi_cubes/sample_600.npy,70,87,273,float32,6090,yes,sample_600
sample_601,hsi_cubes/sample_601.npy,58,227,273,float32,13166,yes,sample_601
sample_602,hsi_cubes/sample_602.npy,39,194,273,float32,7566,yes,sample_602
sample_603,hsi_cubes/sample_603.npy,65,135,273,float32,8775,yes,sample_603
sample_604,hsi_cubes/sample_604.npy,34,230,273,float32,7820,yes,sample_604
sample_605,hsi_cubes/sample_605.npy,35,214,273,float32,7490,yes,sample_605
sample_606,hsi_cubes/sample_606.npy,28,149,273,float32,4172,yes,sample_606
sample_607,hsi_cubes/sample_607.npy,63,215,273,float32,13545,yes,sample_607
sample_608,hsi_cubes/sample_608.npy,100,212,273,float32,21200,yes,sample_608
sample_609,hsi_cubes/sample_609.npy,38,248,273,float32,9424,yes,sample_609
sample_610,hsi_cubes/sample_610.npy,31,154,273,float32,4774,yes,sample_610
sample_611,hsi_cubes/sample_611.npy,87,136,273,float32,11832,yes,sample_611
sample_612,hsi_cubes/sample_612.npy,70,192,273,float32,13440,yes,sample_612
sample_613,hsi_cubes/sample_613.npy,62,145,273,float32,8990,yes,sample_613
sample_614,hsi_cubes/sample_614.npy,73,209,273,float32,15257,yes,sample_614
sample_615,hsi_cubes/sample_615.npy,27,148,273,float32,3996,yes,sample_615
sample_616,hsi_cubes/sample_616.npy,41,184,273,float32,7544,yes,sample_616
sample_617,hsi_cubes/sample_617.npy,65,215,273,float32,13975,yes,sample_617
sample_618,hsi_cubes/sample_618.npy,62,105,273,float32,6510,yes,sample_618
sample_619,hsi_cubes/sample_619.npy,60,118,273,float32,7080,yes,sample_619
sample_620,hsi_cubes/sample_620.npy,51,159,273,float32,8109,yes,sample_620
sample_621,hsi_cubes/sample_621.npy,30,184,273,float32,5520,yes,sample_621
sample_622,hsi_cubes/sample_622.npy,58,225,273,float32,13050,yes,sample_622
sample_623,hsi_cubes/sample_623.npy,41,147,273,float32,6027,yes,sample_623
sample_624,hsi_cubes/sample_624.npy,48,177,273,float32,8496,yes,sample_624
sample_625,hsi_cubes/sample_625.npy,61,137,273,float32,8357,yes,sample_625
sample_626,hsi_cubes/sample_626.npy,52,156,273,float32,8112,yes,sample_626
sample_627,hsi_cubes/sample_627.npy,92,217,273,float32,19964,yes,sample_627
sample_628,hsi_cubes/sample_628.npy,58,148,273,float32,8584,yes,sample_628
sample_629,hsi_cubes/sample_629.npy,61,170,273,float32,10370,yes,sample_629
sample_630,hsi_cubes/sample_630.npy,90,123,273,float32,11070,yes,sample_630
sample_631,hsi_cubes/sample_631.npy,60,89,273,float32,5340,yes,sample_631
sample_632,hsi_cubes/sample_632.npy,65,110,273,float32,7150,yes,sample_632
sample_633,hsi_cubes/sample_633.npy,70,179,273,float32,12530,yes,sample_633
sample_634,hsi_cubes/sample_634.npy,33,152,273,float32,5016,yes,sample_634
sample_635,hsi_cubes/sample_635.npy,63,159,273,float32,10017,yes,sample_635
sample_636,hsi_cubes/sample_636.npy,63,167,273,float32,10521,yes,sample_636
sample_637,hsi_cubes/sample_637.npy,41,127,273,float32,5207,yes,sample_637
sample_638,hsi_cubes/sample_638.npy,58,136,273,float32,7888,yes,sample_638
sample_639,hsi_cubes/sample_639.npy,28,172,273,float32,4816,yes,sample_639
sample_640,hsi_cubes/sample_640.npy,89,143,273,float32,12727,yes,sample_640
sample_641,hsi_cubes/sample_641.npy,68,143,273,float32,9724,yes,sample_641
sample_642,hsi_cubes/sample_642.npy,73,164,273,float32,11972,yes,sample_642
sample_643,hsi_cubes/sample_643.npy,56,121,273,float32,6776,yes,sample_643
sample_644,hsi_cubes/sample_644.npy,28,164,273,float32,4592,yes,sample_644
sample_645,hsi_cubes/sample_645.npy,31,189,273,float32,5859,yes,sample_645
sample_646,hsi_cubes/sample_646.npy,87,274,273,float32,23838,yes,sample_646
sample_647,hsi_cubes/sample_647.npy,65,134,273,float32,8710,yes,sample_647
sample_648,hsi_cubes/sample_648.npy,28,140,273,float32,3920,yes,sample_648
sample_649,hsi_cubes/sample_649.npy,28,184,273,float32,5152,yes,sample_649
sample_650,hsi_cubes/sample_650.npy,41,262,273,float32,10742,yes,sample_650
sample_651,hsi_cubes/sample_651.npy,55,342,273,float32,18810,yes,sample_651
sample_652,hsi_cubes/sample_652.npy,27,175,273,float32,4725,yes,sample_652
sample_653,hsi_cubes/sample_653.npy,45,291,273,float32,13095,yes,sample_653
sample_654,hsi_cubes/sample_654.npy,34,184,273,float32,6256,yes,sample_654
sample_655,hsi_cubes/sample_655.npy,25,131,273,float32,3275,yes,sample_655
sample_656,hsi_cubes/sample_656.npy,25,179,273,float32,4475,yes,sample_656
sample_657,hsi_cubes/sample_657.npy,32,139,273,float32,4448,yes,sample_657
sample_658,hsi_cubes/sample_658.npy,65,165,273,float32,10725,yes,sample_658
sample_659,hsi_cubes/sample_659.npy,35,149,273,float32,5215,yes,sample_659
sample_660,hsi_cubes/sample_660.npy,39,149,273,float32,5811,yes,sample_660
sample_661,hsi_cubes/sample_661.npy,28,164,273,float32,4592,yes,sample_661
sample_662,hsi_cubes/sample_662.npy,42,230,273,float32,9660,yes,sample_662
sample_663,hsi_cubes/sample_663.npy,69,210,273,float32,14490,yes,sample_663
sample_664,hsi_cubes/sample_664.npy,57,245,273,float32,13965,yes,sample_664
sample_665,hsi_cubes/sample_665.npy,35,184,273,float32,6440,yes,sample_665
sample_666,hsi_cubes/sample_666.npy,35,181,273,float32,6335,yes,sample_666
sample_667,hsi_cubes/sample_667.npy,59,172,273,float32,10148,yes,sample_667
sample_668,hsi_cubes/sample_668.npy,42,170,273,float32,7140,yes,sample_668
sample_669,hsi_cubes/sample_669.npy,72,234,273,float32,16848,yes,sample_669
sample_670,hsi_cubes/sample_670.npy,39,254,273,float32,9906,yes,sample_670
sample_671,hsi_cubes/sample_671.npy,17,102,273,float32,1734,yes,sample_671
sample_672,hsi_cubes/sample_672.npy,48,225,273,float32,10800,yes,sample_672
sample_673,hsi_cubes/sample_673.npy,37,167,273,float32,6179,yes,sample_673
sample_674,hsi_cubes/sample_674.npy,27,144,273,float32,3888,yes,sample_674
sample_675,hsi_cubes/sample_675.npy,32,151,273,float32,4832,yes,sample_675
sample_676,hsi_cubes/sample_676.npy,34,143,273,float32,4862,yes,sample_676
sample_677,hsi_cubes/sample_677.npy,49,200,273,float32,9800,yes,sample_677
sample_678,hsi_cubes/sample_678.npy,37,156,273,float32,5772,yes,sample_678
sample_679,hsi_cubes/sample_679.npy,52,198,273,float32,10296,yes,sample_679
sample_680,hsi_cubes/sample_680.npy,65,203,273,float32,13195,yes,sample_680
sample_681,hsi_cubes/sample_681.npy,35,153,273,float32,5355,yes,sample_681
sample_682,hsi_cubes/sample_682.npy,30,218,273,float32,6540,yes,sample_682
sample_683,hsi_cubes/sample_683.npy,35,220,273,float32,7700,yes,sample_683
sample_684,hsi_cubes/sample_684.npy,33,148,273,float32,4884,yes,sample_684
sample_685,hsi_cubes/sample_685.npy,63,188,273,float32,11844,yes,sample_685
sample_686,hsi_cubes/sample_686.npy,45,248,273,float32,11160,yes,sample_686
sample_687,hsi_cubes/sample_687.npy,65,198,273,float32,12870,yes,sample_687
sample_688,hsi_cubes/sample_688.npy,91,214,273,float32,19474,yes,sample_688
sample_689,hsi_cubes/sample_689.npy,64,255,273,float32,16320,yes,sample_689
sample_690,hsi_cubes/sample_690.npy,92,291,273,float32,26772,yes,sample_690
sample_691,hsi_cubes/sample_691.npy,37,170,273,float32,6290,yes,sample_691
sample_692,hsi_cubes/sample_692.npy,55,221,273,float32,12155,yes,sample_692
sample_693,hsi_cubes/sample_693.npy,47,219,273,float32,10293,yes,sample_693
sample_694,hsi_cubes/sample_694.npy,36,180,273,float32,6480,yes,sample_694
sample_695,hsi_cubes/sample_695.npy,79,162,273,float32,12798,yes,sample_695
sample_696,hsi_cubes/sample_696.npy,33,141,273,float32,4653,yes,sample_696
sample_697,hsi_cubes/sample_697.npy,36,154,273,float32,5544,yes,sample_697
sample_698,hsi_cubes/sample_698.npy,63,164,273,float32,10332,yes,sample_698
sample_699,hsi_cubes/sample_699.npy,35,215,273,float32,7525,yes,sample_699
sample_700,hsi_cubes/sample_700.npy,43,121,273,float32,5203,yes,sample_700
sample_701,hsi_cubes/sample_701.npy,35,225,273,float32,7875,yes,sample_701
sample_702,hsi_cubes/sample_702.npy,73,251,273,float32,18323,yes,sample_702
sample_703,hsi_cubes/sample_703.npy,40,198,273,float32,7920,yes,sample_703
sample_704,hsi_cubes/sample_704.npy,19,114,273,float32,2166,yes,sample_704
sample_705,hsi_cubes/sample_705.npy,37,188,273,float32,6956,yes,sample_705
sample_706,hsi_cubes/sample_706.npy,37,153,273,float32,5661,yes,sample_706
sample_707,hsi_cubes/sample_707.npy,45,170,273,float32,7650,yes,sample_707
sample_708,hsi_cubes/sample_708.npy,63,169,273,float32,10647,yes,sample_708
sample_709,hsi_cubes/sample_709.npy,58,144,273,float32,8352,yes,sample_709
sample_710,hsi_cubes/sample_710.npy,32,229,273,float32,7328,yes,sample_710
sample_711,hsi_cubes/sample_711.npy,23,141,273,float32,3243,yes,sample_711
sample_712,hsi_cubes/sample_712.npy,39,166,273,float32,6474,yes,sample_712
sample_713,hsi_cubes/sample_713.npy,28,166,273,float32,4648,yes,sample_713
sample_714,hsi_cubes/sample_714.npy,75,301,273,float32,22575,yes,sample_714
sample_715,hsi_cubes/sample_715.npy,39,235,273,float32,9165,yes,sample_715
sample_716,hsi_cubes/sample_716.npy,37,132,273,float32,4884,yes,sample_716
sample_717,hsi_cubes/sample_717.npy,63,241,273,float32,15183,yes,sample_717
sample_718,hsi_cubes/sample_718.npy,27,118,273,float32,3186,yes,sample_718
sample_719,hsi_cubes/sample_719.npy,42,191,273,float32,8022,yes,sample_719
sample_720,hsi_cubes/sample_720.npy,26,200,273,float32,5200,yes,sample_720
sample_721,hsi_cubes/sample_721.npy,29,215,273,float32,6235,yes,sample_721
sample_722,hsi_cubes/sample_722.npy,47,238,273,float32,11186,yes,sample_722
sample_723,hsi_cubes/sample_723.npy,40,254,273,float32,10160,yes,sample_723
sample_724,hsi_cubes/sample_724.npy,25,104,273,float32,2600,yes,sample_724
sample_725,hsi_cubes/sample_725.npy,31,152,273,float32,4712,yes,sample_725
sample_726,hsi_cubes/sample_726.npy,64,154,273,float32,9856,yes,sample_726
sample_727,hsi_cubes/sample_727.npy,42,192,273,float32,8064,yes,sample_727
sample_728,hsi_cubes/sample_728.npy,37,266,273,float32,9842,yes,sample_728
sample_729,hsi_cubes/sample_729.npy,82,262,273,float32,21484,yes,sample_729
sample_730,hsi_cubes/sample_730.npy,38,221,273,float32,8398,yes,sample_730
sample_731,hsi_cubes/sample_731.npy,30,129,273,float32,3870,yes,sample_731
sample_732,hsi_cubes/sample_732.npy,40,184,273,float32,7360,yes,sample_732
sample_733,hsi_cubes/sample_733.npy,67,246,273,float32,16482,yes,sample_733
sample_734,hsi_cubes/sample_734.npy,16,97,273,float32,1552,yes,sample_734
sample_735,hsi_cubes/sample_735.npy,34,172,273,float32,5848,yes,sample_735
sample_736,hsi_cubes/sample_736.npy,19,96,273,float32,1824,yes,sample_736
sample_737,hsi_cubes/sample_737.npy,35,136,273,float32,4760,yes,sample_737
sample_738,hsi_cubes/sample_738.npy,23,159,273,float32,3657,yes,sample_738
sample_739,hsi_cubes/sample_739.npy,33,173,273,float32,5709,yes,sample_739
sample_740,hsi_cubes/sample_740.npy,30,149,273,float32,4470,yes,sample_740
sample_741,hsi_cubes/sample_741.npy,30,145,273,float32,4350,yes,sample_741
sample_742,hsi_cubes/sample_742.npy,67,190,273,float32,12730,yes,sample_742
sample_743,hsi_cubes/sample_743.npy,74,260,273,float32,19240,yes,sample_743
sample_744,hsi_cubes/sample_744.npy,29,145,273,float32,4205,yes,sample_744
sample_745,hsi_cubes/sample_745.npy,56,253,273,float32,14168,yes,sample_745
sample_746,hsi_cubes/sample_746.npy,25,129,273,float32,3225,yes,sample_746
sample_747,hsi_cubes/sample_747.npy,57,159,273,float32,9063,yes,sample_747
sample_748,hsi_cubes/sample_748.npy,51,230,273,float32,11730,yes,sample_748
sample_749,hsi_cubes/sample_749.npy,82,154,273,float32,12628,yes,sample_749
sample_750,hsi_cubes/sample_750.npy,27,162,273,float32,4374,yes,sample_750
sample_751,hsi_cubes/sample_751.npy,36,174,273,float32,6264,yes,sample_751
sample_752,hsi_cubes/sample_752.npy,62,198,273,float32,12276,yes,sample_752
sample_753,hsi_cubes/sample_753.npy,59,205,273,float32,12095,yes,sample_753
sample_754,hsi_cubes/sample_754.npy,65,239,273,float32,15535,yes,sample_754
sample_755,hsi_cubes/sample_755.npy,27,161,273,float32,4347,yes,sample_755
sample_756,hsi_cubes/sample_756.npy,57,219,273,float32,12483,yes,sample_756
sample_757,hsi_cubes/sample_757.npy,34,140,273,float32,4760,yes,sample_757
sample_758,hsi_cubes/sample_758.npy,44,189,273,float32,8316,yes,sample_758
sample_759,hsi_cubes/sample_759.npy,67,140,273,float32,9380,yes,sample_759
sample_760,hsi_cubes/sample_760.npy,18,110,273,float32,1980,yes,sample_760
sample_761,hsi_cubes/sample_761.npy,70,347,273,float32,24290,yes,sample_761
sample_762,hsi_cubes/sample_762.npy,49,160,273,float32,7840,yes,sample_762
sample_763,hsi_cubes/sample_763.npy,40,245,273,float32,9800,yes,sample_763
sample_764,hsi_cubes/sample_764.npy,30,65,273,float32,1950,yes,sample_764
sample_765,hsi_cubes/sample_765.npy,10,50,273,float32,500,yes,sample_765
sample_766,hsi_cubes/sample_766.npy,25,95,273,float32,2375,yes,sample_766
sample_767,hsi_cubes/sample_767.npy,25,85,273,float32,2125,yes,sample_767
sample_768,hsi_cubes/sample_768.npy,25,50,273,float32,1250,yes,sample_768
sample_769,hsi_cubes/sample_769.npy,25,70,273,float32,1750,yes,sample_769
sample_770,hsi_cubes/sample_770.npy,25,50,273,float32,1250,yes,sample_770
sample_771,hsi_cubes/sample_771.npy,30,80,273,float32,2400,yes,sample_771
sample_772,hsi_cubes/sample_772.npy,10,60,273,float32,600,yes,sample_772
sample_773,hsi_cubes/sample_773.npy,10,50,273,float32,500,yes,sample_773
sample_774,hsi_cubes/sample_774.npy,10,60,273,float32,600,yes,sample_774
sample_775,hsi_cubes/sample_775.npy,10,60,273,float32,600,yes,sample_775
sample_776,hsi_cubes/sample_776.npy,15,75,273,float32,1125,yes,sample_776
sample_777,hsi_cubes/sample_777.npy,15,45,273,float32,675,yes,sample_777
sample_778,hsi_cubes/sample_778.npy,15,110,273,float32,1650,yes,sample_778
sample_779,hsi_cubes/sample_779.npy,20,120,273,float32,2400,yes,sample_779
sample_780,hsi_cubes/sample_780.npy,15,55,273,float32,825,yes,sample_780
sample_781,hsi_cubes/sample_781.npy,10,60,273,float32,600,yes,sample_781
sample_782,hsi_cubes/sample_782.npy,15,60,273,float32,900,yes,sample_782
sample_783,hsi_cubes/sample_783.npy,10,70,273,float32,700,yes,sample_783
sample_784,hsi_cubes/sample_784.npy,8,80,273,float32,640,yes,sample_784
sample_785,hsi_cubes/sample_785.npy,8,60,273,float32,480,yes,sample_785
sample_786,hsi_cubes/sample_786.npy,15,65,273,float32,975,yes,sample_786
sample_787,hsi_cubes/sample_787.npy,10,65,273,float32,650,yes,sample_787
sample_788,hsi_cubes/sample_788.npy,15,70,273,float32,1050,yes,sample_788
sample_789,hsi_cubes/sample_789.npy,15,70,273,float32,1050,yes,sample_789
sample_790,hsi_cubes/sample_790.npy,15,65,273,float32,975,yes,sample_790
sample_791,hsi_cubes/sample_791.npy,15,60,273,float32,900,yes,sample_791
sample_792,hsi_cubes/sample_792.npy,10,60,273,float32,600,yes,sample_792
sample_793,hsi_cubes/sample_793.npy,10,60,273,float32,600,yes,sample_793
sample_794,hsi_cubes/sample_794.npy,13,50,273,float32,650,yes,sample_794
sample_795,hsi_cubes/sample_795.npy,13,60,273,float32,780,yes,sample_795
sample_796,hsi_cubes/sample_796.npy,10,50,273,float32,500,yes,sample_796
sample_797,hsi_cubes/sample_797.npy,10,40,273,float32,400,yes,sample_797
sample_798,hsi_cubes/sample_798.npy,15,50,273,float32,750,yes,sample_798
sample_799,hsi_cubes/sample_799.npy,10,50,273,float32,500,yes,sample_799
sample_800,hsi_cubes/sample_800.npy,17,70,273,float32,1190,yes,sample_800
sample_801,hsi_cubes/sample_801.npy,15,70,273,float32,1050,yes,sample_801
sample_802,hsi_cubes/sample_802.npy,17,80,273,float32,1360,yes,sample_802
sample_803,hsi_cubes/sample_803.npy,30,105,273,float32,3150,yes,sample_803
sample_804,hsi_cubes/sample_804.npy,25,45,273,float32,1125,yes,sample_804
sample_805,hsi_cubes/sample_805.npy,25,50,273,float32,1250,yes,sample_805
sample_806,hsi_cubes/sample_806.npy,25,50,273,float32,1250,yes,sample_806
sample_807,hsi_cubes/sample_807.npy,20,80,273,float32,1600,yes,sample_807
sample_808,hsi_cubes/sample_808.npy,15,70,273,float32,1050,yes,sample_808
sample_809,hsi_cubes/sample_809.npy,15,50,273,float32,750,yes,sample_809
sample_810,hsi_cubes/sample_810.npy,15,50,273,float32,750,yes,sample_810
sample_811,hsi_cubes/sample_811.npy,15,45,273,float32,675,yes,sample_811
sample_812,hsi_cubes/sample_812.npy,20,60,273,float32,1200,yes,sample_812
sample_813,hsi_cubes/sample_813.npy,20,80,273,float32,1600,yes,sample_813
sample_814,hsi_cubes/sample_814.npy,20,50,273,float32,1000,yes,sample_814
sample_815,hsi_cubes/sample_815.npy,15,60,273,float32,900,yes,sample_815
sample_816,hsi_cubes/sample_816.npy,15,50,273,float32,750,yes,sample_816
sample_817,hsi_cubes/sample_817.npy,15,50,273,float32,750,yes,sample_817
sample_818,hsi_cubes/sample_818.npy,15,80,273,float32,1200,yes,sample_818
sample_819,hsi_cubes/sample_819.npy,10,70,273,float32,700,yes,sample_819
sample_820,hsi_cubes/sample_820.npy,15,50,273,float32,750,yes,sample_820
sample_821,hsi_cubes/sample_821.npy,25,80,273,float32,2000,yes,sample_821
sample_822,hsi_cubes/sample_822.npy,25,70,273,float32,1750,yes,sample_822
sample_823,hsi_cubes/sample_823.npy,15,40,273,float32,600,yes,sample_823
sample_824,hsi_cubes/sample_824.npy,20,80,273,float32,1600,yes,sample_824
sample_825,hsi_cubes/sample_825.npy,15,70,273,float32,1050,yes,sample_825
sample_826,hsi_cubes/sample_826.npy,15,70,273,float32,1050,yes,sample_826
sample_827,hsi_cubes/sample_827.npy,20,80,273,float32,1600,yes,sample_827
sample_828,hsi_cubes/sample_828.npy,25,70,273,float32,1750,yes,sample_828
sample_829,hsi_cubes/sample_829.npy,20,50,273,float32,1000,yes,sample_829
sample_830,hsi_cubes/sample_830.npy,20,70,273,float32,1400,yes,sample_830
sample_831,hsi_cubes/sample_831.npy,25,75,273,float32,1875,yes,sample_831
sample_832,hsi_cubes/sample_832.npy,25,50,273,float32,1250,yes,sample_832
sample_833,hsi_cubes/sample_833.npy,20,60,273,float32,1200,yes,sample_833
sample_834,hsi_cubes/sample_834.npy,20,80,273,float32,1600,yes,sample_834
sample_835,hsi_cubes/sample_835.npy,20,70,273,float32,1400,yes,sample_835
sample_836,hsi_cubes/sample_836.npy,20,60,273,float32,1200,yes,sample_836
sample_837,hsi_cubes/sample_837.npy,17,44,273,float32,748,yes,sample_837
sample_838,hsi_cubes/sample_838.npy,19,52,273,float32,988,yes,sample_838
sample_839,hsi_cubes/sample_839.npy,14,49,273,float32,686,yes,sample_839
sample_840,hsi_cubes/sample_840.npy,14,38,273,float32,532,yes,sample_840
sample_841,hsi_cubes/sample_841.npy,20,62,273,float32,1240,yes,sample_841
sample_842,hsi_cubes/sample_842.npy,20,60,273,float32,1200,yes,sample_842
sample_843,hsi_cubes/sample_843.npy,15,45,273,float32,675,yes,sample_843
sample_844,hsi_cubes/sample_844.npy,18,43,273,float32,774,yes,sample_844
sample_845,hsi_cubes/sample_845.npy,13,37,273,float32,481,yes,sample_845
sample_846,hsi_cubes/sample_846.npy,15,45,273,float32,675,yes,sample_846
sample_847,hsi_cubes/sample_847.npy,15,39,273,float32,585,yes,sample_847
sample_848,hsi_cubes/sample_848.npy,20,70,273,float32,1400,yes,sample_848
sample_849,hsi_cubes/sample_849.npy,18,42,273,float32,756,yes,sample_849
sample_850,hsi_cubes/sample_850.npy,13,41,273,float32,533,yes,sample_850
sample_851,hsi_cubes/sample_851.npy,14,41,273,float32,574,yes,sample_851
sample_852,hsi_cubes/sample_852.npy,16,51,273,float32,816,yes,sample_852
sample_853,hsi_cubes/sample_853.npy,18,48,273,float32,864,yes,sample_853
sample_854,hsi_cubes/sample_854.npy,17,46,273,float32,782,yes,sample_854
sample_855,hsi_cubes/sample_855.npy,18,42,273,float32,756,yes,sample_855
sample_856,hsi_cubes/sample_856.npy,18,40,273,float32,720,yes,sample_856
sample_857,hsi_cubes/sample_857.npy,16,40,273,float32,640,yes,sample_857
sample_858,hsi_cubes/sample_858.npy,20,40,273,float32,800,yes,sample_858
sample_859,hsi_cubes/sample_859.npy,17,52,273,float32,884,yes,sample_859
sample_860,hsi_cubes/sample_860.npy,19,51,273,float32,969,yes,sample_860
sample_861,hsi_cubes/sample_861.npy,16,56,273,float32,896,yes,sample_861
sample_862,hsi_cubes/sample_862.npy,11,44,273,float32,484,yes,sample_862
sample_863,hsi_cubes/sample_863.npy,13,50,273,float32,650,yes,sample_863
sample_864,hsi_cubes/sample_864.npy,12,42,273,float32,504,yes,sample_864
sample_865,hsi_cubes/sample_865.npy,20,86,273,float32,1720,yes,sample_865
sample_866,hsi_cubes/sample_866.npy,18,54,273,float32,972,yes,sample_866
sample_867,hsi_cubes/sample_867.npy,20,60,273,float32,1200,yes,sample_867
sample_868,hsi_cubes/sample_868.npy,12,43,273,float32,516,yes,sample_868
sample_869,hsi_cubes/sample_869.npy,13,39,273,float32,507,yes,sample_869
sample_870,hsi_cubes/sample_870.npy,35,85,273,float32,2975,yes,sample_870
sample_871,hsi_cubes/sample_871.npy,19,54,273,float32,1026,yes,sample_871
sample_872,hsi_cubes/sample_872.npy,13,38,273,float32,494,yes,sample_872
sample_873,hsi_cubes/sample_873.npy,14,42,273,float32,588,yes,sample_873
sample_874,hsi_cubes/sample_874.npy,12,42,273,float32,504,yes,sample_874
sample_875,hsi_cubes/sample_875.npy,15,45,273,float32,675,yes,sample_875
sample_876,hsi_cubes/sample_876.npy,12,53,273,float32,636,yes,sample_876
sample_877,hsi_cubes/sample_877.npy,11,38,273,float32,418,yes,sample_877
sample_878,hsi_cubes/sample_878.npy,12,48,273,float32,576,yes,sample_878
sample_879,hsi_cubes/sample_879.npy,25,50,273,float32,1250,yes,sample_879
sample_880,hsi_cubes/sample_880.npy,20,50,273,float32,1000,yes,sample_880
sample_881,hsi_cubes/sample_881.npy,18,56,273,float32,1008,yes,sample_881
sample_882,hsi_cubes/sample_882.npy,14,53,273,float32,742,yes,sample_882
sample_883,hsi_cubes/sample_883.npy,14,44,273,float32,616,yes,sample_883
sample_884,hsi_cubes/sample_884.npy,13,37,273,float32,481,yes,sample_884
sample_885,hsi_cubes/sample_885.npy,19,49,273,float32,931,yes,sample_885
sample_886,hsi_cubes/sample_886.npy,11,35,273,float32,385,yes,sample_886
sample_887,hsi_cubes/sample_887.npy,20,60,273,float32,1200,yes,sample_887
sample_888,hsi_cubes/sample_888.npy,15,50,273,float32,750,yes,sample_888
sample_889,hsi_cubes/sample_889.npy,15,50,273,float32,750,yes,sample_889
sample_890,hsi_cubes/sample_890.npy,11,46,273,float32,506,yes,sample_890
sample_891,hsi_cubes/sample_891.npy,30,60,273,float32,1800,yes,sample_891
sample_892,hsi_cubes/sample_892.npy,14,34,273,float32,476,yes,sample_892
sample_893,hsi_cubes/sample_893.npy,14,52,273,float32,728,yes,sample_893
sample_894,hsi_cubes/sample_894.npy,14,25,273,float32,350,yes,sample_894
sample_895,hsi_cubes/sample_895.npy,20,40,273,float32,800,yes,sample_895
sample_896,hsi_cubes/sample_896.npy,15,59,273,float32,885,yes,sample_896
sample_897,hsi_cubes/sample_897.npy,25,80,273,float32,2000,yes,sample_897
sample_898,hsi_cubes/sample_898.npy,15,57,273,float32,855,yes,sample_898
sample_899,hsi_cubes/sample_899.npy,14,67,273,float32,938,yes,sample_899
sample_900,hsi_cubes/sample_900.npy,13,60,273,float32,780,yes,sample_900
sample_901,hsi_cubes/sample_901.npy,12,39,273,float32,468,yes,sample_901
sample_902,hsi_cubes/sample_902.npy,15,60,273,float32,900,yes,sample_902
sample_903,hsi_cubes/sample_903.npy,15,51,273,float32,765,yes,sample_903
sample_904,hsi_cubes/sample_904.npy,13,56,273,float32,728,yes,sample_904
sample_905,hsi_cubes/sample_905.npy,15,49,273,float32,735,yes,sample_905
sample_906,hsi_cubes/sample_906.npy,14,49,273,float32,686,yes,sample_906
sample_907,hsi_cubes/sample_907.npy,12,42,273,float32,504,yes,sample_907
sample_908,hsi_cubes/sample_908.npy,12,65,273,float32,780,yes,sample_908
sample_909,hsi_cubes/sample_909.npy,23,49,273,float32,1127,yes,sample_909
sample_910,hsi_cubes/sample_910.npy,13,43,273,float32,559,yes,sample_910
sample_911,hsi_cubes/sample_911.npy,15,64,273,float32,960,yes,sample_911
sample_912,hsi_cubes/sample_912.npy,16,51,273,float32,816,yes,sample_912
sample_913,hsi_cubes/sample_913.npy,23,66,273,float32,1518,yes,sample_913
sample_914,hsi_cubes/sample_914.npy,18,55,273,float32,990,yes,sample_914
sample_915,hsi_cubes/sample_915.npy,13,46,273,float32,598,yes,sample_915
sample_916,hsi_cubes/sample_916.npy,12,41,273,float32,492,yes,sample_916
sample_917,hsi_cubes/sample_917.npy,11,40,273,float32,440,yes,sample_917
sample_918,hsi_cubes/sample_918.npy,11,35,273,float32,385,yes,sample_918
sample_919,hsi_cubes/sample_919.npy,12,32,273,float32,384,yes,sample_919
sample_920,hsi_cubes/sample_920.npy,11,43,273,float32,473,yes,sample_920
sample_921,hsi_cubes/sample_921.npy,11,37,273,float32,407,yes,sample_921
sample_922,hsi_cubes/sample_922.npy,12,56,273,float32,672,yes,sample_922
sample_923,hsi_cubes/sample_923.npy,12,47,273,float32,564,yes,sample_923
sample_924,hsi_cubes/sample_924.npy,11,33,273,float32,363,yes,sample_924
sample_925,hsi_cubes/sample_925.npy,15,49,273,float32,735,yes,sample_925
sample_926,hsi_cubes/sample_926.npy,12,60,273,float32,720,yes,sample_926
sample_927,hsi_cubes/sample_927.npy,14,55,273,float32,770,yes,sample_927
sample_928,hsi_cubes/sample_928.npy,17,46,273,float32,782,yes,sample_928
sample_929,hsi_cubes/sample_929.npy,15,41,273,float32,615,yes,sample_929
sample_930,hsi_cubes/sample_930.npy,13,39,273,float32,507,yes,sample_930
sample_931,hsi_cubes/sample_931.npy,12,56,273,float32,672,yes,sample_931
sample_932,hsi_cubes/sample_932.npy,12,50,273,float32,600,yes,sample_932
sample_933,hsi_cubes/sample_933.npy,14,56,273,float32,784,yes,sample_933
sample_934,hsi_cubes/sample_934.npy,14,56,273,float32,784,yes,sample_934
sample_935,hsi_cubes/sample_935.npy,15,50,273,float32,750,yes,sample_935
sample_936,hsi_cubes/sample_936.npy,30,70,273,float32,2100,yes,sample_936
sample_937,hsi_cubes/sample_937.npy,11,38,273,float32,418,yes,sample_937
sample_938,hsi_cubes/sample_938.npy,11,39,273,float32,429,yes,sample_938
sample_939,hsi_cubes/sample_939.npy,12,54,273,float32,648,yes,sample_939
sample_940,hsi_cubes/sample_940.npy,20,50,273,float32,1000,yes,sample_940
sample_941,hsi_cubes/sample_941.npy,20,70,273,float32,1400,yes,sample_941
sample_942,hsi_cubes/sample_942.npy,15,41,273,float32,615,yes,sample_942
sample_943,hsi_cubes/sample_943.npy,13,34,273,float32,442,yes,sample_943
sample_944,hsi_cubes/sample_944.npy,14,69,273,float32,966,yes,sample_944
sample_945,hsi_cubes/sample_945.npy,14,54,273,float32,756,yes,sample_945
sample_946,hsi_cubes/sample_946.npy,15,46,273,float32,690,yes,sample_946
sample_947,hsi_cubes/sample_947.npy,18,57,273,float32,1026,yes,sample_947
sample_948,hsi_cubes/sample_948.npy,16,43,273,float32,688,yes,sample_948
sample_949,hsi_cubes/sample_949.npy,11,36,273,float32,396,yes,sample_949
sample_950,hsi_cubes/sample_950.npy,12,45,273,float32,540,yes,sample_950
sample_951,hsi_cubes/sample_951.npy,17,44,273,float32,748,yes,sample_951
sample_952,hsi_cubes/sample_952.npy,18,50,273,float32,900,yes,sample_952
sample_953,hsi_cubes/sample_953.npy,10,40,273,float32,400,yes,sample_953
sample_954,hsi_cubes/sample_954.npy,12,33,273,float32,396,yes,sample_954
sample_955,hsi_cubes/sample_955.npy,11,37,273,float32,407,yes,sample_955
sample_956,hsi_cubes/sample_956.npy,12,38,273,float32,456,yes,sample_956
sample_957,hsi_cubes/sample_957.npy,10,39,273,float32,390,yes,sample_957
sample_958,hsi_cubes/sample_958.npy,12,44,273,float32,528,yes,sample_958
sample_959,hsi_cubes/sample_959.npy,17,50,273,float32,850,yes,sample_959
sample_960,hsi_cubes/sample_960.npy,10,34,273,float32,340,yes,sample_960
sample_961,hsi_cubes/sample_961.npy,12,45,273,float32,540,yes,sample_961
sample_962,hsi_cubes/sample_962.npy,11,38,273,float32,418,yes,sample_962
sample_963,hsi_cubes/sample_963.npy,15,34,273,float32,510,yes,sample_963
sample_964,hsi_cubes/sample_964.npy,12,36,273,float32,432,yes,sample_964
sample_965,hsi_cubes/sample_965.npy,13,42,273,float32,546,yes,sample_965
sample_966,hsi_cubes/sample_966.npy,12,38,273,float32,456,yes,sample_966
sample_967,hsi_cubes/sample_967.npy,12,60,273,float32,720,yes,sample_967
sample_968,hsi_cubes/sample_968.npy,13,52,273,float32,676,yes,sample_968
sample_969,hsi_cubes/sample_969.npy,11,39,273,float32,429,yes,sample_969
sample_970,hsi_cubes/sample_970.npy,13,53,273,float32,689,yes,sample_970
sample_971,hsi_cubes/sample_971.npy,12,32,273,float32,384,yes,sample_971
sample_972,hsi_cubes/sample_972.npy,12,32,273,float32,384,yes,sample_972
sample_973,hsi_cubes/sample_973.npy,11,32,273,float32,352,yes,sample_973
sample_974,hsi_cubes/sample_974.npy,10,43,273,float32,430,yes,sample_974
sample_975,hsi_cubes/sample_975.npy,12,35,273,float32,420,yes,sample_975
sample_976,hsi_cubes/sample_976.npy,12,37,273,float32,444,yes,sample_976
sample_977,hsi_cubes/sample_977.npy,12,37,273,float32,444,yes,sample_977
sample_978,hsi_cubes/sample_978.npy,15,55,273,float32,825,yes,sample_978
sample_979,hsi_cubes/sample_979.npy,14,55,273,float32,770,yes,sample_979
sample_980,hsi_cubes/sample_980.npy,16,47,273,float32,752,yes,sample_980
sample_981,hsi_cubes/sample_981.npy,18,54,273,float32,972,yes,sample_981
sample_982,hsi_cubes/sample_982.npy,14,43,273,float32,602,yes,sample_982
sample_983,hsi_cubes/sample_983.npy,16,48,273,float32,768,yes,sample_983
sample_984,hsi_cubes/sample_984.npy,16,53,273,float32,848,yes,sample_984
sample_985,hsi_cubes/sample_985.npy,18,55,273,float32,990,yes,sample_985
sample_986,hsi_cubes/sample_986.npy,15,54,273,float32,810,yes,sample_986
sample_987,hsi_cubes/sample_987.npy,16,51,273,float32,816,yes,sample_987
sample_988,hsi_cubes/sample_988.npy,16,42,273,float32,672,yes,sample_988
sample_989,hsi_cubes/sample_989.npy,14,39,273,float32,546,yes,sample_989
sample_990,hsi_cubes/sample_990.npy,16,48,273,float32,768,yes,sample_990
sample_991,hsi_cubes/sample_991.npy,16,41,273,float32,656,yes,sample_991
sample_992,hsi_cubes/sample_992.npy,18,63,273,float32,1134,yes,sample_992
sample_993,hsi_cubes/sample_993.npy,13,42,273,float32,546,yes,sample_993
sample_994,hsi_cubes/sample_994.npy,13,64,273,float32,832,yes,sample_994
sample_995,hsi_cubes/sample_995.npy,14,44,273,float32,616,yes,sample_995
sample_996,hsi_cubes/sample_996.npy,15,57,273,float32,855,yes,sample_996
sample_997,hsi_cubes/sample_997.npy,15,49,273,float32,735,yes,sample_997
sample_998,hsi_cubes/sample_998.npy,12,62,273,float32,744,yes,sample_998
sample_999,hsi_cubes/sample_999.npy,12,47,273,float32,564,yes,sample_999
sample_1000,hsi_cubes/sample_1000.npy,20,50,273,float32,1000,yes,sample_1000
sample_1001,hsi_cubes/sample_1001.npy,12,51,273,float32,612,yes,sample_1001
sample_1002,hsi_cubes/sample_1002.npy,16,60,273,float32,960,yes,sample_1002
sample_1003,hsi_cubes/sample_1003.npy,30,70,273,float32,2100,yes,sample_1003
sample_1004,hsi_cubes/sample_1004.npy,15,53,273,float32,795,yes,sample_1004
sample_1005,hsi_cubes/sample_1005.npy,14,41,273,float32,574,yes,sample_1005
sample_1006,hsi_cubes/sample_1006.npy,13,46,273,float32,598,yes,sample_1006
sample_1007,hsi_cubes/sample_1007.npy,13,35,273,float32,455,yes,sample_1007
sample_1008,hsi_cubes/sample_1008.npy,16,45,273,float32,720,yes,sample_1008
sample_1009,hsi_cubes/sample_1009.npy,15,45,273,float32,675,yes,sample_1009
sample_1010,hsi_cubes/sample_1010.npy,13,40,273,float32,520,yes,sample_1010
sample_1011,hsi_cubes/sample_1011.npy,13,39,273,float32,507,yes,sample_1011
sample_1012,hsi_cubes/sample_1012.npy,13,39,273,float32,507,yes,sample_1012
sample_1013,hsi_cubes/sample_1013.npy,13,37,273,float32,481,yes,sample_1013
sample_1014,hsi_cubes/sample_1014.npy,16,52,273,float32,832,yes,sample_1014
sample_1015,hsi_cubes/sample_1015.npy,13,45,273,float32,585,yes,sample_1015
sample_1016,hsi_cubes/sample_1016.npy,13,43,273,float32,559,yes,sample_1016
sample_1017,hsi_cubes/sample_1017.npy,13,46,273,float32,598,yes,sample_1017
sample_1018,hsi_cubes/sample_1018.npy,16,42,273,float32,672,yes,sample_1018
sample_1019,hsi_cubes/sample_1019.npy,16,40,273,float32,640,yes,sample_1019
sample_1020,hsi_cubes/sample_1020.npy,13,42,273,float32,546,yes,sample_1020
sample_1021,hsi_cubes/sample_1021.npy,14,48,273,float32,672,yes,sample_1021
sample_1022,hsi_cubes/sample_1022.npy,14,33,273,float32,462,yes,sample_1022
sample_1023,hsi_cubes/sample_1023.npy,12,35,273,float32,420,yes,sample_1023
sample_1024,hsi_cubes/sample_1024.npy,13,43,273,float32,559,yes,sample_1024
sample_1025,hsi_cubes/sample_1025.npy,16,44,273,float32,704,yes,sample_1025
sample_1026,hsi_cubes/sample_1026.npy,13,38,273,float32,494,yes,sample_1026
sample_1027,hsi_cubes/sample_1027.npy,15,54,273,float32,810,yes,sample_1027
sample_1028,hsi_cubes/sample_1028.npy,19,39,273,float32,741,yes,sample_1028
sample_1029,hsi_cubes/sample_1029.npy,14,37,273,float32,518,yes,sample_1029
sample_1030,hsi_cubes/sample_1030.npy,14,43,273,float32,602,yes,sample_1030
sample_1031,hsi_cubes/sample_1031.npy,14,43,273,float32,602,yes,sample_1031
sample_1032,hsi_cubes/sample_1032.npy,15,50,273,float32,750,yes,sample_1032
sample_1033,hsi_cubes/sample_1033.npy,16,47,273,float32,752,yes,sample_1033
sample_1034,hsi_cubes/sample_1034.npy,15,51,273,float32,765,yes,sample_1034
sample_1035,hsi_cubes/sample_1035.npy,19,47,273,float32,893,yes,sample_1035
sample_1036,hsi_cubes/sample_1036.npy,16,41,273,float32,656,yes,sample_1036
sample_1037,hsi_cubes/sample_1037.npy,11,61,273,float32,671,yes,sample_1037
sample_1038,hsi_cubes/sample_1038.npy,17,40,273,float32,680,yes,sample_1038
sample_1039,hsi_cubes/sample_1039.npy,14,44,273,float32,616,yes,sample_1039
sample_1040,hsi_cubes/sample_1040.npy,15,38,273,float32,570,yes,sample_1040
sample_1041,hsi_cubes/sample_1041.npy,13,43,273,float32,559,yes,sample_1041
sample_1042,hsi_cubes/sample_1042.npy,15,64,273,float32,960,yes,sample_1042
sample_1043,hsi_cubes/sample_1043.npy,14,46,273,float32,644,yes,sample_1043
sample_1044,hsi_cubes/sample_1044.npy,13,41,273,float32,533,yes,sample_1044
sample_1045,hsi_cubes/sample_1045.npy,12,35,273,float32,420,yes,sample_1045
sample_1046,hsi_cubes/sample_1046.npy,15,43,273,float32,645,yes,sample_1046
sample_1047,hsi_cubes/sample_1047.npy,14,47,273,float32,658,yes,sample_1047
sample_1048,hsi_cubes/sample_1048.npy,13,34,273,float32,442,yes,sample_1048
sample_1049,hsi_cubes/sample_1049.npy,12,36,273,float32,432,yes,sample_1049
sample_1050,hsi_cubes/sample_1050.npy,12,31,273,float32,372,yes,sample_1050
sample_1051,hsi_cubes/sample_1051.npy,18,68,273,float32,1224,yes,sample_1051
sample_1052,hsi_cubes/sample_1052.npy,16,52,273,float32,832,yes,sample_1052
sample_1053,hsi_cubes/sample_1053.npy,13,31,273,float32,403,yes,sample_1053
sample_1054,hsi_cubes/sample_1054.npy,12,42,273,float32,504,yes,sample_1054
sample_1055,hsi_cubes/sample_1055.npy,16,45,273,float32,720,yes,sample_1055
sample_1056,hsi_cubes/sample_1056.npy,14,51,273,float32,714,yes,sample_1056
sample_1057,hsi_cubes/sample_1057.npy,12,34,273,float32,408,yes,sample_1057
sample_1058,hsi_cubes/sample_1058.npy,15,52,273,float32,780,yes,sample_1058
sample_1059,hsi_cubes/sample_1059.npy,12,56,273,float32,672,yes,sample_1059
sample_1060,hsi_cubes/sample_1060.npy,16,40,273,float32,640,yes,sample_1060
sample_1061,hsi_cubes/sample_1061.npy,20,80,273,float32,1600,yes,sample_1061
sample_1062,hsi_cubes/sample_1062.npy,17,48,273,float32,816,yes,sample_1062
sample_1063,hsi_cubes/sample_1063.npy,16,36,273,float32,576,yes,sample_1063
sample_1064,hsi_cubes/sample_1064.npy,16,54,273,float32,864,yes,sample_1064
sample_1065,hsi_cubes/sample_1065.npy,17,53,273,float32,901,yes,sample_1065
sample_1066,hsi_cubes/sample_1066.npy,19,47,273,float32,893,yes,sample_1066
sample_1067,hsi_cubes/sample_1067.npy,18,41,273,float32,738,yes,sample_1067
sample_1068,hsi_cubes/sample_1068.npy,15,48,273,float32,720,yes,sample_1068
sample_1069,hsi_cubes/sample_1069.npy,15,56,273,float32,840,yes,sample_1069
sample_1070,hsi_cubes/sample_1070.npy,19,51,273,float32,969,yes,sample_1070
sample_1071,hsi_cubes/sample_1071.npy,14,55,273,float32,770,yes,sample_1071
sample_1072,hsi_cubes/sample_1072.npy,15,30,273,float32,450,yes,sample_1072
sample_1073,hsi_cubes/sample_1073.npy,16,47,273,float32,752,yes,sample_1073
sample_1074,hsi_cubes/sample_1074.npy,15,47,273,float32,705,yes,sample_1074
sample_1075,hsi_cubes/sample_1075.npy,18,52,273,float32,936,yes,sample_1075
sample_1076,hsi_cubes/sample_1076.npy,13,46,273,float32,598,yes,sample_1076
sample_1077,hsi_cubes/sample_1077.npy,16,46,273,float32,736,yes,sample_1077
sample_1078,hsi_cubes/sample_1078.npy,18,58,273,float32,1044,yes,sample_1078
sample_1079,hsi_cubes/sample_1079.npy,15,45,273,float32,675,yes,sample_1079
sample_1080,hsi_cubes/sample_1080.npy,13,62,273,float32,806,yes,sample_1080
sample_1081,hsi_cubes/sample_1081.npy,16,47,273,float32,752,yes,sample_1081
sample_1082,hsi_cubes/sample_1082.npy,12,45,273,float32,540,yes,sample_1082
sample_1083,hsi_cubes/sample_1083.npy,16,43,273,float32,688,yes,sample_1083
sample_1084,hsi_cubes/sample_1084.npy,30,50,273,float32,1500,yes,sample_1084
sample_1085,hsi_cubes/sample_1085.npy,30,80,273,float32,2400,yes,sample_1085
sample_1086,hsi_cubes/sample_1086.npy,12,44,273,float32,528,yes,sample_1086
sample_1087,hsi_cubes/sample_1087.npy,19,55,273,float32,1045,yes,sample_1087
sample_1088,hsi_cubes/sample_1088.npy,25,60,273,float32,1500,yes,sample_1088
sample_1089,hsi_cubes/sample_1089.npy,25,54,273,float32,1350,yes,sample_1089
sample_1090,hsi_cubes/sample_1090.npy,16,55,273,float32,880,yes,sample_1090
sample_1091,hsi_cubes/sample_1091.npy,15,55,273,float32,825,yes,sample_1091
sample_1092,hsi_cubes/sample_1092.npy,13,54,273,float32,702,yes,sample_1092
sample_1093,hsi_cubes/sample_1093.npy,20,54,273,float32,1080,yes,sample_1093
sample_1094,hsi_cubes/sample_1094.npy,12,51,273,float32,612,yes,sample_1094
sample_1095,hsi_cubes/sample_1095.npy,21,64,273,float32,1344,yes,sample_1095
sample_1096,hsi_cubes/sample_1096.npy,20,100,273,float32,2000,yes,sample_1096
sample_1097,hsi_cubes/sample_1097.npy,16,70,273,float32,1120,yes,sample_1097
sample_1098,hsi_cubes/sample_1098.npy,20,50,273,float32,1000,yes,sample_1098
sample_1099,hsi_cubes/sample_1099.npy,17,74,273,float32,1258,yes,sample_1099
sample_1100,hsi_cubes/sample_1100.npy,20,90,273,float32,1800,yes,sample_1100
sample_1101,hsi_cubes/sample_1101.npy,13,45,273,float32,585,yes,sample_1101
sample_1102,hsi_cubes/sample_1102.npy,14,50,273,float32,700,yes,sample_1102
sample_1103,hsi_cubes/sample_1103.npy,25,51,273,float32,1275,yes,sample_1103
sample_1104,hsi_cubes/sample_1104.npy,15,47,273,float32,705,yes,sample_1104
sample_1105,hsi_cubes/sample_1105.npy,12,61,273,float32,732,yes,sample_1105
sample_1106,hsi_cubes/sample_1106.npy,12,68,273,float32,816,yes,sample_1106
sample_1107,hsi_cubes/sample_1107.npy,15,87,273,float32,1305,yes,sample_1107
sample_1108,hsi_cubes/sample_1108.npy,15,45,273,float32,675,yes,sample_1108
sample_1109,hsi_cubes/sample_1109.npy,14,53,273,float32,742,yes,sample_1109
sample_1110,hsi_cubes/sample_1110.npy,17,48,273,float32,816,yes,sample_1110
sample_1111,hsi_cubes/sample_1111.npy,16,48,273,float32,768,yes,sample_1111
sample_1112,hsi_cubes/sample_1112.npy,20,90,273,float32,1800,yes,sample_1112
sample_1113,hsi_cubes/sample_1113.npy,17,56,273,float32,952,yes,sample_1113
sample_1114,hsi_cubes/sample_1114.npy,16,52,273,float32,832,yes,sample_1114
sample_1115,hsi_cubes/sample_1115.npy,20,50,273,float32,1000,yes,sample_1115
sample_1116,hsi_cubes/sample_1116.npy,23,52,273,float32,1196,yes,sample_1116
sample_1117,hsi_cubes/sample_1117.npy,11,66,273,float32,726,yes,sample_1117
sample_1118,hsi_cubes/sample_1118.npy,19,39,273,float32,741,yes,sample_1118
sample_1119,hsi_cubes/sample_1119.npy,20,50,273,float32,1000,yes,sample_1119
sample_1120,hsi_cubes/sample_1120.npy,20,50,273,float32,1000,yes,sample_1120
sample_1121,hsi_cubes/sample_1121.npy,15,49,273,float32,735,yes,sample_1121
sample_1122,hsi_cubes/sample_1122.npy,14,64,273,float32,896,yes,sample_1122
sample_1123,hsi_cubes/sample_1123.npy,14,41,273,float32,574,yes,sample_1123
sample_1124,hsi_cubes/sample_1124.npy,16,47,273,float32,752,yes,sample_1124
sample_1125,hsi_cubes/sample_1125.npy,15,43,273,float32,645,yes,sample_1125
sample_1126,hsi_cubes/sample_1126.npy,17,45,273,float32,765,yes,sample_1126
sample_1127,hsi_cubes/sample_1127.npy,18,51,273,float32,918,yes,sample_1127
sample_1128,hsi_cubes/sample_1128.npy,20,50,273,float32,1000,yes,sample_1128
sample_1129,hsi_cubes/sample_1129.npy,16,46,273,float32,736,yes,sample_1129
sample_1130,hsi_cubes/sample_1130.npy,16,39,273,float32,624,yes,sample_1130
sample_1131,hsi_cubes/sample_1131.npy,20,35,273,float32,700,yes,sample_1131
